"normal_distance","arc_length","Points:0","Points:1","Points:2"
0.42723,0,77.001,57.765,72.897
0.44456,0.077571,76.999,57.734,72.968
0.48518,0.15514,76.996,57.704,73.04
0.5822,0.23271,76.994,57.673,73.111
0.67921,0.31027,76.992,57.643,73.182
0.77623,0.38784,76.99,57.612,73.254
0.87324,0.46542,76.988,57.582,73.325
0.97025,0.54298,76.985,57.551,73.396
1.0673,0.62055,76.983,57.52,73.467
1.1643,0.69812,76.981,57.49,73.539
1.2613,0.77569,76.979,57.459,73.61
1.3583,0.85325,76.977,57.429,73.681
1.4553,0.93082,76.975,57.398,73.752
1.5523,1.0084,76.972,57.368,73.824
1.6494,1.086,76.97,57.337,73.895
1.7464,1.1635,76.968,57.307,73.966
1.8434,1.2411,76.966,57.276,74.037
1.9404,1.3187,76.964,57.245,74.109
2.0374,1.3962,76.961,57.215,74.18
2.1344,1.4738,76.959,57.184,74.251
2.2314,1.5514,76.957,57.154,74.322
2.3285,1.6289,76.955,57.123,74.394
2.4255,1.7065,76.953,57.093,74.465
2.5225,1.7841,76.95,57.062,74.536
2.6195,1.8616,76.948,57.032,74.608
2.7165,1.9392,76.946,57.001,74.679
2.8135,2.0168,76.944,56.97,74.75
2.9105,2.0944,76.942,56.94,74.821
3.0076,2.1719,76.94,56.909,74.893
3.1046,2.2495,76.937,56.879,74.964
3.2016,2.3271,76.935,56.848,75.035
3.2986,2.4046,76.933,56.818,75.106
3.3956,2.4822,76.931,56.787,75.178
3.4926,2.5598,76.929,56.757,75.249
3.5896,2.6373,76.926,56.726,75.32
3.6867,2.7149,76.924,56.695,75.391
3.7837,2.7925,76.922,56.665,75.463
3.8807,2.87,76.92,56.634,75.534
3.9777,2.9476,76.918,56.604,75.605
4.0747,3.0252,76.915,56.573,75.676
4.1717,3.1027,76.913,56.543,75.748
4.2687,3.1803,76.911,56.512,75.819
4.3658,3.2579,76.909,56.482,75.89
4.4628,3.3354,76.907,56.451,75.962
4.5598,3.413,76.905,56.42,76.033
4.6568,3.4906,76.902,56.39,76.104
4.7538,3.5682,76.9,56.359,76.175
4.8508,3.6457,76.898,56.329,76.247
4.9479,3.7233,76.896,56.298,76.318
5.0449,3.8009,76.894,56.268,76.389
5.1419,3.8784,76.891,56.237,76.46
5.2389,3.956,76.889,56.207,76.532
5.3359,4.0336,76.887,56.176,76.603
5.4329,4.1111,76.885,56.145,76.674
5.5299,4.1887,76.883,56.115,76.745
5.6269,4.2663,76.88,56.084,76.817
5.724,4.3438,76.878,56.054,76.888
5.821,4.4214,76.876,56.023,76.959
5.918,4.499,76.874,55.993,77.03
6.015,4.5765,76.872,55.962,77.102
6.112,4.6541,76.87,55.932,77.173
6.209,4.7317,76.867,55.901,77.244
6.3061,4.8092,76.865,55.87,77.316
6.4031,4.8868,76.863,55.84,77.387
6.4922,4.9644,76.861,55.809,77.458
6.5738,5.042,76.859,55.779,77.529
6.6491,5.1195,76.856,55.748,77.601
6.7076,5.1971,76.854,55.718,77.672
6.7661,5.2747,76.852,55.687,77.743
6.8246,5.3522,76.85,55.656,77.814
6.8831,5.4298,76.848,55.626,77.886
6.9416,5.5074,76.845,55.595,77.957
7,5.5849,76.843,55.565,78.028
7.0585,5.6625,76.841,55.534,78.099
7.117,5.7401,76.839,55.504,78.171
7.1755,5.8176,76.837,55.473,78.242
7.234,5.8952,76.835,55.443,78.313
7.2925,5.9728,76.832,55.412,78.384
7.351,6.0503,76.83,55.381,78.456
7.4095,6.1279,76.828,55.351,78.527
7.4679,6.2055,76.826,55.32,78.598
7.5264,6.283,76.824,55.29,78.67
7.5849,6.3606,76.821,55.259,78.741
7.6434,6.4382,76.819,55.229,78.812
7.7019,6.5157,76.817,55.198,78.883
7.7604,6.5933,76.815,55.168,78.955
7.8189,6.6709,76.813,55.137,79.026
7.8774,6.7485,76.81,55.106,79.097
7.9359,6.826,76.808,55.076,79.168
7.9943,6.9036,76.806,55.045,79.24
8.0528,6.9812,76.804,55.015,79.311
8.1113,7.0587,76.802,54.984,79.382
8.1698,7.1363,76.799,54.954,79.453
8.2283,7.2139,76.797,54.923,79.525
8.2868,7.2914,76.795,54.893,79.596
8.3453,7.369,76.793,54.862,79.667
8.4038,7.4466,76.791,54.831,79.738
8.4622,7.5241,76.789,54.801,79.81
8.5207,7.6017,76.786,54.77,79.881
8.5792,7.6793,76.784,54.74,79.952
8.6389,7.7568,76.782,54.709,80.023
8.7062,7.8344,76.78,54.679,80.095
8.7736,7.912,76.778,54.648,80.166
8.8409,7.9895,76.775,54.618,80.237
8.9083,8.0671,76.773,54.587,80.309
8.9756,8.1447,76.771,54.556,80.38
9.0429,8.2222,76.769,54.526,80.451
9.1103,8.2998,76.767,54.495,80.522
9.1776,8.3774,76.765,54.465,80.594
9.245,8.455,76.762,54.434,80.665
9.3123,8.5325,76.76,54.404,80.736
9.3796,8.6101,76.758,54.373,80.807
9.447,8.6877,76.756,54.343,80.879
9.5143,8.7652,76.754,54.312,80.95
9.5817,8.8428,76.751,54.281,81.021
9.649,8.9204,76.749,54.251,81.092
9.7163,8.9979,76.747,54.22,81.164
9.7837,9.0755,76.745,54.19,81.235
9.851,9.1531,76.743,54.159,81.306
9.9184,9.2306,76.74,54.129,81.377
9.9857,9.3082,76.738,54.098,81.449
10.053,9.3858,76.736,54.068,81.52
10.12,9.4633,76.734,54.037,81.591
10.188,9.5409,76.732,54.006,81.663
10.26,9.6185,76.729,53.976,81.734
10.341,9.696,76.727,53.945,81.805
10.421,9.7736,76.725,53.915,81.876
10.501,9.8512,76.723,53.884,81.948
10.581,9.9288,76.721,53.854,82.019
10.661,10.006,76.719,53.823,82.09
10.742,10.084,76.716,53.793,82.161
10.822,10.161,76.714,53.762,82.233
10.902,10.239,76.712,53.731,82.304
10.982,10.317,76.71,53.701,82.375
11.063,10.394,76.708,53.67,82.446
11.143,10.472,76.705,53.64,82.518
11.223,10.549,76.703,53.609,82.589
11.303,10.627,76.701,53.579,82.66
11.384,10.704,76.699,53.548,82.731
11.464,10.782,76.697,53.518,82.803
11.544,10.86,76.694,53.487,82.874
11.624,10.937,76.692,53.456,82.945
11.704,11.015,76.69,53.426,83.017
11.785,11.092,76.688,53.395,83.088
11.865,11.17,76.686,53.365,83.159
11.945,11.247,76.684,53.334,83.23
12.025,11.325,76.681,53.304,83.302
12.106,11.403,76.679,53.273,83.373
12.186,11.48,76.677,53.243,83.444
12.266,11.558,76.675,53.212,83.515
12.346,11.635,76.673,53.181,83.587
12.427,11.713,76.67,53.151,83.658
12.521,11.79,76.668,53.12,83.729
12.614,11.868,76.666,53.09,83.8
12.708,11.946,76.664,53.059,83.872
12.801,12.023,76.662,53.029,83.943
12.894,12.101,76.659,52.998,84.014
12.988,12.178,76.657,52.968,84.085
13.081,12.256,76.655,52.937,84.157
13.175,12.333,76.653,52.906,84.228
13.268,12.411,76.651,52.876,84.299
13.361,12.489,76.649,52.845,84.371
13.455,12.566,76.646,52.815,84.442
13.548,12.644,76.644,52.784,84.513
13.641,12.721,76.642,52.754,84.584
13.735,12.799,76.64,52.723,84.656
13.828,12.876,76.638,52.692,84.727
13.921,12.954,76.635,52.662,84.798
14.015,13.031,76.633,52.631,84.869
14.108,13.109,76.631,52.601,84.941
14.201,13.187,76.629,52.57,85.012
14.295,13.264,76.627,52.54,85.083
14.388,13.342,76.624,52.509,85.154
14.481,13.419,76.622,52.479,85.226
14.575,13.497,76.62,52.448,85.297
14.668,13.574,76.618,52.417,85.368
14.762,13.652,76.616,52.387,85.439
14.832,13.73,76.614,52.356,85.511
14.896,13.807,76.611,52.326,85.582
14.96,13.885,76.609,52.295,85.653
15.024,13.962,76.607,52.265,85.724
15.088,14.04,76.605,52.234,85.796
15.152,14.117,76.603,52.204,85.867
15.217,14.195,76.6,52.173,85.938
15.281,14.273,76.598,52.142,86.01
15.345,14.35,76.596,52.112,86.081
15.409,14.428,76.594,52.081,86.152
15.473,14.505,76.592,52.051,86.223
15.538,14.583,76.589,52.02,86.295
15.602,14.66,76.587,51.99,86.366
15.666,14.738,76.585,51.959,86.437
15.73,14.816,76.583,51.929,86.508
15.794,14.893,76.581,51.898,86.58
15.858,14.971,76.579,51.867,86.651
15.923,15.048,76.576,51.837,86.722
15.987,15.126,76.574,51.806,86.793
16.051,15.203,76.572,51.776,86.865
16.115,15.281,76.57,51.745,86.936
16.179,15.359,76.568,51.715,87.007
16.243,15.436,76.565,51.684,87.078
16.308,15.514,76.563,51.654,87.15
16.372,15.591,76.561,51.623,87.221
16.436,15.669,76.559,51.592,87.292
16.5,15.746,76.557,51.562,87.364
16.564,15.824,76.554,51.531,87.435
16.628,15.902,76.552,51.501,87.506
16.693,15.979,76.55,51.47,87.577
16.757,16.057,76.548,51.44,87.649
16.822,16.134,76.546,51.409,87.72
16.89,16.212,76.544,51.379,87.791
16.958,16.289,76.541,51.348,87.862
17.026,16.367,76.539,51.317,87.934
17.094,16.444,76.537,51.287,88.005
17.161,16.522,76.535,51.256,88.076
17.229,16.6,76.533,51.226,88.147
17.297,16.677,76.53,51.195,88.219
17.365,16.755,76.528,51.165,88.29
17.433,16.832,76.526,51.134,88.361
17.5,16.91,76.524,51.104,88.432
17.568,16.987,76.522,51.073,88.504
17.636,17.065,76.519,51.042,88.575
17.704,17.143,76.517,51.012,88.646
17.772,17.22,76.515,50.981,88.718
17.84,17.298,76.513,50.951,88.789
17.911,17.375,76.511,50.92,88.86
17.984,17.453,76.509,50.89,88.931
18.057,17.53,76.506,50.859,89.003
18.129,17.608,76.504,50.829,89.074
18.202,17.686,76.502,50.798,89.145
18.275,17.763,76.5,50.767,89.216
18.347,17.841,76.498,50.737,89.288
18.42,17.918,76.495,50.706,89.359
18.493,17.996,76.493,50.676,89.43
18.565,18.073,76.491,50.645,89.501
18.638,18.151,76.489,50.615,89.573
18.711,18.229,76.487,50.584,89.644
18.783,18.306,76.484,50.554,89.715
18.856,18.384,76.482,50.523,89.786
18.929,18.461,76.48,50.492,89.858
19.001,18.539,76.478,50.462,89.929
19.074,18.616,76.476,50.431,90
19.147,18.694,76.474,50.401,90.072
19.219,18.772,76.471,50.37,90.143
19.292,18.849,76.469,50.34,90.214
19.365,18.927,76.467,50.309,90.285
19.437,19.004,76.465,50.279,90.357
19.51,19.082,76.463,50.248,90.428
19.583,19.159,76.46,50.217,90.499
19.655,19.237,76.458,50.187,90.57
19.728,19.315,76.456,50.156,90.642
19.801,19.392,76.454,50.126,90.713
19.873,19.47,76.452,50.095,90.784
19.946,19.547,76.449,50.065,90.855
20.019,19.625,76.447,50.034,90.927
20.091,19.702,76.445,50.003,90.998
20.164,19.78,76.443,49.973,91.069
20.237,19.858,76.441,49.942,91.14
20.309,19.935,76.439,49.912,91.212
20.382,20.013,76.436,49.881,91.283
20.455,20.09,76.434,49.851,91.354
20.527,20.168,76.432,49.82,91.425
20.6,20.245,76.43,49.79,91.497
20.673,20.323,76.428,49.759,91.568
20.745,20.4,76.425,49.728,91.639
20.818,20.478,76.423,49.698,91.711
20.891,20.556,76.421,49.667,91.782
20.963,20.633,76.419,49.637,91.853
21.036,20.711,76.417,49.606,91.924
21.109,20.788,76.414,49.576,91.996
21.181,20.866,76.412,49.545,92.067
21.254,20.943,76.41,49.515,92.138
21.327,21.021,76.408,49.484,92.209
21.399,21.099,76.406,49.453,92.281
21.472,21.176,76.404,49.423,92.352
21.545,21.254,76.401,49.392,92.423
21.617,21.331,76.399,49.362,92.494
21.692,21.409,76.397,49.331,92.566
21.775,21.486,76.395,49.301,92.637
21.859,21.564,76.393,49.27,92.708
21.942,21.642,76.39,49.24,92.779
22.026,21.719,76.388,49.209,92.851
22.109,21.797,76.386,49.178,92.922
22.193,21.874,76.384,49.148,92.993
22.277,21.952,76.382,49.117,93.065
22.36,22.029,76.379,49.087,93.136
22.444,22.107,76.377,49.056,93.207
22.527,22.185,76.375,49.026,93.278
22.611,22.262,76.373,48.995,93.35
22.694,22.34,76.371,48.965,93.421
22.778,22.417,76.369,48.934,93.492
22.862,22.495,76.366,48.903,93.563
22.945,22.572,76.364,48.873,93.635
23.029,22.65,76.362,48.842,93.706
23.112,22.728,76.36,48.812,93.777
23.196,22.805,76.358,48.781,93.848
23.279,22.883,76.355,48.751,93.92
23.363,22.96,76.353,48.72,93.991
23.443,23.038,76.351,48.69,94.062
23.519,23.115,76.349,48.659,94.133
23.594,23.193,76.347,48.628,94.205
23.669,23.271,76.344,48.598,94.276
23.745,23.348,76.342,48.567,94.347
23.82,23.426,76.34,48.537,94.419
23.895,23.503,76.338,48.506,94.49
23.971,23.581,76.336,48.476,94.561
24.046,23.658,76.334,48.445,94.632
24.122,23.736,76.331,48.415,94.704
24.197,23.813,76.329,48.384,94.775
24.272,23.891,76.327,48.353,94.846
24.348,23.969,76.325,48.323,94.917
24.423,24.046,76.323,48.292,94.989
24.498,24.124,76.32,48.262,95.06
24.574,24.201,76.318,48.231,95.131
24.649,24.279,76.316,48.201,95.202
24.725,24.356,76.314,48.17,95.274
24.8,24.434,76.312,48.14,95.345
24.875,24.512,76.309,48.109,95.416
24.951,24.589,76.307,48.078,95.487
25.026,24.667,76.305,48.048,95.559
25.101,24.744,76.303,48.017,95.63
25.177,24.822,76.301,47.987,95.701
25.252,24.899,76.299,47.956,95.773
25.327,24.977,76.296,47.926,95.844
25.403,25.055,76.294,47.895,95.915
25.478,25.132,76.292,47.865,95.986
25.554,25.21,76.29,47.834,96.058
25.629,25.287,76.288,47.803,96.129
25.704,25.365,76.285,47.773,96.2
25.78,25.442,76.283,47.742,96.271
25.855,25.52,76.281,47.712,96.343
25.93,25.598,76.279,47.681,96.414
26.006,25.675,76.277,47.651,96.485
26.081,25.753,76.274,47.62,96.556
26.157,25.83,76.272,47.59,96.628
26.232,25.908,76.27,47.559,96.699
26.307,25.985,76.268,47.528,96.77
26.383,26.063,76.266,47.498,96.841
26.458,26.141,76.264,47.467,96.913
26.533,26.218,76.261,47.437,96.984
26.609,26.296,76.259,47.406,97.055
26.684,26.373,76.257,47.376,97.127
26.759,26.451,76.255,47.345,97.198
26.835,26.528,76.253,47.314,97.269
26.91,26.606,76.25,47.284,97.34
26.986,26.684,76.248,47.253,97.412
27.061,26.761,76.246,47.223,97.483
27.136,26.839,76.244,47.192,97.554
27.212,26.916,76.242,47.162,97.625
27.287,26.994,76.239,47.131,97.697
27.362,27.071,76.237,47.101,97.768
27.438,27.149,76.235,47.07,97.839
27.515,27.227,76.233,47.039,97.91
27.594,27.304,76.231,47.009,97.982
27.674,27.382,76.229,46.978,98.053
27.754,27.459,76.226,46.948,98.124
27.834,27.537,76.224,46.917,98.195
27.913,27.614,76.222,46.887,98.267
27.993,27.692,76.22,46.856,98.338
28.073,27.769,76.218,46.826,98.409
28.152,27.847,76.215,46.795,98.48
28.232,27.925,76.213,46.764,98.552
28.312,28.002,76.211,46.734,98.623
28.392,28.08,76.209,46.703,98.694
28.471,28.157,76.207,46.673,98.766
28.551,28.235,76.204,46.642,98.837
28.631,28.312,76.202,46.612,98.908
28.711,28.39,76.2,46.581,98.979
28.79,28.468,76.198,46.551,99.051
28.87,28.545,76.196,46.52,99.122
28.95,28.623,76.194,46.489,99.193
29.029,28.7,76.191,46.459,99.264
29.109,28.778,76.189,46.428,99.336
29.189,28.855,76.187,46.398,99.407
29.269,28.933,76.185,46.367,99.478
29.348,29.011,76.183,46.337,99.549
29.428,29.088,76.18,46.306,99.621
29.508,29.166,76.178,46.276,99.692
29.587,29.243,76.176,46.245,99.763
29.667,29.321,76.174,46.214,99.834
29.746,29.398,76.172,46.184,99.906
29.823,29.476,76.169,46.153,99.977
29.901,29.554,76.167,46.123,100.05
29.979,29.631,76.165,46.092,100.12
30.057,29.709,76.163,46.062,100.19
30.135,29.786,76.161,46.031,100.26
30.213,29.864,76.159,46.001,100.33
30.291,29.941,76.156,45.97,100.4
30.368,30.019,76.154,45.939,100.48
30.446,30.097,76.152,45.909,100.55
30.524,30.174,76.15,45.878,100.62
30.602,30.252,76.148,45.848,100.69
30.68,30.329,76.145,45.817,100.76
30.758,30.407,76.143,45.787,100.83
30.836,30.484,76.141,45.756,100.9
30.913,30.562,76.139,45.726,100.97
30.991,30.64,76.137,45.695,101.05
31.069,30.717,76.134,45.664,101.12
31.147,30.795,76.132,45.634,101.19
31.225,30.872,76.13,45.603,101.26
31.303,30.95,76.128,45.573,101.33
31.381,31.027,76.126,45.542,101.4
31.458,31.105,76.124,45.512,101.47
31.536,31.182,76.121,45.481,101.54
31.614,31.26,76.119,45.451,101.62
31.692,31.338,76.117,45.42,101.69
31.77,31.415,76.115,45.389,101.76
31.846,31.493,76.113,45.359,101.83
31.921,31.57,76.11,45.328,101.9
31.996,31.648,76.108,45.298,101.97
32.071,31.725,76.106,45.267,102.04
32.146,31.803,76.104,45.237,102.11
32.221,31.881,76.102,45.206,102.19
32.296,31.958,76.099,45.176,102.26
32.371,32.036,76.097,45.145,102.33
32.445,32.113,76.095,45.114,102.4
32.52,32.191,76.093,45.084,102.47
32.595,32.268,76.091,45.053,102.54
32.67,32.346,76.089,45.023,102.61
32.745,32.424,76.086,44.992,102.68
32.82,32.501,76.084,44.962,102.76
32.895,32.579,76.082,44.931,102.83
32.97,32.656,76.08,44.901,102.9
33.045,32.734,76.078,44.87,102.97
33.12,32.811,76.075,44.839,103.04
33.195,32.889,76.073,44.809,103.11
33.27,32.967,76.071,44.778,103.18
33.345,33.044,76.069,44.748,103.26
33.42,33.122,76.067,44.717,103.33
33.495,33.199,76.064,44.687,103.4
33.57,33.277,76.062,44.656,103.47
33.645,33.354,76.06,44.626,103.54
33.719,33.432,76.058,44.595,103.61
33.794,33.51,76.056,44.564,103.68
33.869,33.587,76.054,44.534,103.75
33.944,33.665,76.051,44.503,103.83
34.019,33.742,76.049,44.473,103.9
34.094,33.82,76.047,44.442,103.97
34.169,33.897,76.045,44.412,104.04
34.244,33.975,76.043,44.381,104.11
34.319,34.053,76.04,44.35,104.18
34.394,34.13,76.038,44.32,104.25
34.469,34.208,76.036,44.289,104.32
34.544,34.285,76.034,44.259,104.4
34.619,34.363,76.032,44.228,104.47
34.694,34.44,76.029,44.198,104.54
34.769,34.518,76.027,44.167,104.61
34.844,34.595,76.025,44.137,104.68
34.919,34.673,76.023,44.106,104.75
34.994,34.751,76.021,44.075,104.82
35.069,34.828,76.019,44.045,104.89
35.144,34.906,76.016,44.014,104.97
35.219,34.983,76.014,43.984,105.04
35.294,35.061,76.012,43.953,105.11
35.369,35.138,76.01,43.923,105.18
35.445,35.216,76.008,43.892,105.25
35.52,35.294,76.005,43.862,105.32
35.595,35.371,76.003,43.831,105.39
35.67,35.449,76.001,43.8,105.46
35.745,35.526,75.999,43.77,105.54
35.82,35.604,75.997,43.739,105.61
35.895,35.681,75.994,43.709,105.68
35.97,35.759,75.992,43.678,105.75
36.045,35.837,75.99,43.648,105.82
36.12,35.914,75.988,43.617,105.89
36.195,35.992,75.986,43.587,105.96
36.27,36.069,75.984,43.556,106.03
36.346,36.147,75.981,43.525,106.11
36.421,36.224,75.979,43.495,106.18
36.496,36.302,75.977,43.464,106.25
36.571,36.38,75.975,43.434,106.32
36.646,36.457,75.973,43.403,106.39
36.721,36.535,75.97,43.373,106.46
36.796,36.612,75.968,43.342,106.53
36.871,36.69,75.966,43.312,106.6
36.946,36.767,75.964,43.281,106.68
37.021,36.845,75.962,43.25,106.75
37.096,36.923,75.959,43.22,106.82
37.171,37,75.957,43.189,106.89
37.246,37.078,75.955,43.159,106.96
37.322,37.155,75.953,43.128,107.03
37.397,37.233,75.951,43.098,107.1
37.472,37.31,75.949,43.067,107.17
37.547,37.388,75.946,43.037,107.25
37.622,37.466,75.944,43.006,107.32
37.697,37.543,75.942,42.975,107.39
37.772,37.621,75.94,42.945,107.46
37.847,37.698,75.938,42.914,107.53
37.922,37.776,75.935,42.884,107.6
37.997,37.853,75.933,42.853,107.67
38.08,37.931,75.931,42.823,107.74
38.16,38.009,75.929,42.792,107.82
38.241,38.086,75.927,42.762,107.89
38.322,38.164,75.924,42.731,107.96
38.402,38.241,75.922,42.7,108.03
38.483,38.319,75.92,42.67,108.1
38.564,38.396,75.918,42.639,108.17
38.645,38.474,75.916,42.609,108.24
38.725,38.551,75.914,42.578,108.31
38.806,38.629,75.911,42.548,108.39
38.887,38.707,75.909,42.517,108.46
38.967,38.784,75.907,42.487,108.53
39.048,38.862,75.905,42.456,108.6
39.129,38.939,75.903,42.425,108.67
39.209,39.017,75.9,42.395,108.74
39.29,39.094,75.898,42.364,108.81
39.371,39.172,75.896,42.334,108.88
39.452,39.25,75.894,42.303,108.96
39.532,39.327,75.892,42.273,109.03
39.613,39.405,75.889,42.242,109.1
39.694,39.482,75.887,42.212,109.17
39.774,39.56,75.885,42.181,109.24
39.855,39.637,75.883,42.15,109.31
39.936,39.715,75.881,42.12,109.38
40.016,39.793,75.879,42.089,109.45
40.097,39.87,75.876,42.059,109.53
40.178,39.948,75.874,42.028,109.6
40.258,40.025,75.872,41.998,109.67
40.339,40.103,75.87,41.967,109.74
40.42,40.18,75.868,41.937,109.81
40.501,40.258,75.865,41.906,109.88
40.581,40.336,75.863,41.875,109.95
40.662,40.413,75.861,41.845,110.03
40.743,40.491,75.859,41.814,110.1
40.823,40.568,75.857,41.784,110.17
40.904,40.646,75.854,41.753,110.24
40.985,40.723,75.852,41.723,110.31
41.065,40.801,75.85,41.692,110.38
41.146,40.879,75.848,41.661,110.45
41.227,40.956,75.846,41.631,110.52
41.305,41.034,75.844,41.6,110.6
41.38,41.111,75.841,41.57,110.67
41.456,41.189,75.839,41.539,110.74
41.532,41.266,75.837,41.509,110.81
41.608,41.344,75.835,41.478,110.88
41.684,41.422,75.833,41.448,110.95
41.759,41.499,75.83,41.417,111.02
41.835,41.577,75.828,41.386,111.09
41.911,41.654,75.826,41.356,111.17
41.987,41.732,75.824,41.325,111.24
42.063,41.809,75.822,41.295,111.31
42.139,41.887,75.819,41.264,111.38
42.214,41.964,75.817,41.234,111.45
42.29,42.042,75.815,41.203,111.52
42.366,42.12,75.813,41.173,111.59
42.442,42.197,75.811,41.142,111.66
42.518,42.275,75.809,41.111,111.74
42.593,42.352,75.806,41.081,111.81
42.669,42.43,75.804,41.05,111.88
42.745,42.507,75.802,41.02,111.95
42.821,42.585,75.8,40.989,112.02
42.897,42.663,75.798,40.959,112.09
42.972,42.74,75.795,40.928,112.16
43.048,42.818,75.793,40.898,112.23
43.124,42.895,75.791,40.867,112.31
43.2,42.973,75.789,40.836,112.38
43.276,43.05,75.787,40.806,112.45
43.352,43.128,75.784,40.775,112.52
43.427,43.206,75.782,40.745,112.59
43.503,43.283,75.78,40.714,112.66
43.579,43.361,75.778,40.684,112.73
43.655,43.438,75.776,40.653,112.8
43.731,43.516,75.773,40.623,112.88
43.806,43.593,75.771,40.592,112.95
43.882,43.671,75.769,40.561,113.02
43.958,43.749,75.767,40.531,113.09
44.034,43.826,75.765,40.5,113.16
44.11,43.904,75.763,40.47,113.23
44.186,43.981,75.76,40.439,113.3
44.261,44.059,75.758,40.409,113.37
44.337,44.136,75.756,40.378,113.45
44.413,44.214,75.754,40.348,113.52
44.489,44.292,75.752,40.317,113.59
44.565,44.369,75.749,40.286,113.66
44.64,44.447,75.747,40.256,113.73
44.716,44.524,75.745,40.225,113.8
44.792,44.602,75.743,40.195,113.87
44.868,44.679,75.741,40.164,113.94
44.944,44.757,75.738,40.134,114.02
45.02,44.835,75.736,40.103,114.09
45.095,44.912,75.734,40.073,114.16
45.171,44.99,75.732,40.042,114.23
45.247,45.067,75.73,40.011,114.3
45.323,45.145,75.728,39.981,114.37
45.399,45.222,75.725,39.95,114.44
45.474,45.3,75.723,39.92,114.51
45.55,45.377,75.721,39.889,114.59
45.626,45.455,75.719,39.859,114.66
45.702,45.533,75.717,39.828,114.73
45.778,45.61,75.714,39.798,114.8
45.854,45.688,75.712,39.767,114.87
45.929,45.765,75.71,39.736,114.94
46.005,45.843,75.708,39.706,115.01
46.081,45.92,75.706,39.675,115.08
46.157,45.998,75.703,39.645,115.16
46.233,46.076,75.701,39.614,115.23
46.308,46.153,75.699,39.584,115.3
46.384,46.231,75.697,39.553,115.37
46.46,46.308,75.695,39.523,115.44
46.536,46.386,75.693,39.492,115.51
46.612,46.463,75.69,39.461,115.58
46.688,46.541,75.688,39.431,115.65
46.763,46.619,75.686,39.4,115.73
46.839,46.696,75.684,39.37,115.8
46.915,46.774,75.682,39.339,115.87
46.991,46.851,75.679,39.309,115.94
47.067,46.929,75.677,39.278,116.01
47.142,47.006,75.675,39.248,116.08
47.218,47.084,75.673,39.217,116.15
47.294,47.162,75.671,39.186,116.22
47.37,47.239,75.668,39.156,116.3
47.446,47.317,75.666,39.125,116.37
47.522,47.394,75.664,39.095,116.44
47.597,47.472,75.662,39.064,116.51
47.673,47.549,75.66,39.034,116.58
47.749,47.627,75.658,39.003,116.65
47.825,47.705,75.655,38.972,116.72
47.901,47.782,75.653,38.942,116.79
47.976,47.86,75.651,38.911,116.87
48.052,47.937,75.649,38.881,116.94
48.128,48.015,75.647,38.85,117.01
48.204,48.092,75.644,38.82,117.08
48.28,48.17,75.642,38.789,117.15
48.356,48.248,75.64,38.759,117.22
48.431,48.325,75.638,38.728,117.29
48.507,48.403,75.636,38.697,117.37
48.582,48.48,75.633,38.667,117.44
48.657,48.558,75.631,38.636,117.51
48.732,48.635,75.629,38.606,117.58
48.806,48.713,75.627,38.575,117.65
48.881,48.791,75.625,38.545,117.72
48.956,48.868,75.623,38.514,117.79
49.031,48.946,75.62,38.484,117.86
49.106,49.023,75.618,38.453,117.94
49.181,49.101,75.616,38.422,118.01
49.261,49.178,75.614,38.392,118.08
49.344,49.256,75.612,38.361,118.15
49.427,49.333,75.609,38.331,118.22
49.51,49.411,75.607,38.3,118.29
49.593,49.489,75.605,38.27,118.36
49.676,49.566,75.603,38.239,118.43
49.759,49.644,75.601,38.209,118.51
49.842,49.721,75.598,38.178,118.58
49.925,49.799,75.596,38.147,118.65
50.008,49.876,75.594,38.117,118.72
50.091,49.954,75.592,38.086,118.79
50.174,50.032,75.59,38.056,118.86
50.257,50.109,75.588,38.025,118.93
50.34,50.187,75.585,37.995,119
50.423,50.264,75.583,37.964,119.08
50.506,50.342,75.581,37.934,119.15
50.589,50.419,75.579,37.903,119.22
50.672,50.497,75.577,37.872,119.29
50.755,50.575,75.574,37.842,119.36
50.838,50.652,75.572,37.811,119.43
50.921,50.73,75.57,37.781,119.5
51.004,50.807,75.568,37.75,119.57
51.087,50.885,75.566,37.72,119.65
51.17,50.962,75.563,37.689,119.72
51.256,51.04,75.561,37.659,119.79
51.341,51.118,75.559,37.628,119.86
51.427,51.195,75.557,37.597,119.93
51.512,51.273,75.555,37.567,120
51.598,51.35,75.553,37.536,120.07
51.683,51.428,75.55,37.506,120.14
51.768,51.505,75.548,37.475,120.22
51.854,51.583,75.546,37.445,120.29
51.939,51.661,75.544,37.414,120.36
52.025,51.738,75.542,37.384,120.43
52.11,51.816,75.539,37.353,120.5
52.195,51.893,75.537,37.322,120.57
52.281,51.971,75.535,37.292,120.64
52.366,52.048,75.533,37.261,120.71
52.452,52.126,75.531,37.231,120.79
52.537,52.204,75.528,37.2,120.86
52.622,52.281,75.526,37.17,120.93
52.708,52.359,75.524,37.139,121
52.793,52.436,75.522,37.109,121.07
52.879,52.514,75.52,37.078,121.14
52.964,52.591,75.518,37.047,121.21
53.049,52.669,75.515,37.017,121.28
53.135,52.746,75.513,36.986,121.36
53.22,52.824,75.511,36.956,121.43
53.306,52.902,75.509,36.925,121.5
53.391,52.979,75.507,36.895,121.57
53.476,53.057,75.504,36.864,121.64
53.562,53.134,75.502,36.834,121.71
53.647,53.212,75.5,36.803,121.78
53.733,53.289,75.498,36.772,121.85
53.813,53.367,75.496,36.742,121.93
53.886,53.445,75.493,36.711,122
53.959,53.522,75.491,36.681,122.07
54.032,53.6,75.489,36.65,122.14
54.105,53.677,75.487,36.62,122.21
54.177,53.755,75.485,36.589,122.28
54.25,53.832,75.483,36.559,122.35
54.323,53.91,75.48,36.528,122.42
54.396,53.988,75.478,36.497,122.5
54.469,54.065,75.476,36.467,122.57
54.542,54.143,75.474,36.436,122.64
54.614,54.22,75.472,36.406,122.71
54.687,54.298,75.469,36.375,122.78
54.76,54.375,75.467,36.345,122.85
54.833,54.453,75.465,36.314,122.92
54.906,54.531,75.463,36.284,122.99
54.981,54.608,75.461,36.253,123.07
55.055,54.686,75.458,36.222,123.14
55.13,54.763,75.456,36.192,123.21
55.205,54.841,75.454,36.161,123.28
55.28,54.918,75.452,36.131,123.35
55.354,54.996,75.45,36.1,123.42
55.429,55.074,75.448,36.07,123.49
55.504,55.151,75.445,36.039,123.56
55.578,55.229,75.443,36.008,123.64
55.653,55.306,75.441,35.978,123.71
55.728,55.384,75.439,35.947,123.78
55.803,55.461,75.437,35.917,123.85
55.877,55.539,75.434,35.886,123.92
55.952,55.617,75.432,35.856,123.99
56.027,55.694,75.43,35.825,124.06
56.102,55.772,75.428,35.795,124.14
56.176,55.849,75.426,35.764,124.21
56.251,55.927,75.423,35.733,124.28
56.326,56.004,75.421,35.703,124.35
56.4,56.082,75.419,35.672,124.42
56.475,56.16,75.417,35.642,124.49
56.55,56.237,75.415,35.611,124.56
56.625,56.315,75.413,35.581,124.63
56.699,56.392,75.41,35.55,124.71
56.774,56.47,75.408,35.52,124.78
56.849,56.547,75.406,35.489,124.85
56.923,56.625,75.404,35.458,124.92
56.998,56.702,75.402,35.428,124.99
57.073,56.78,75.399,35.397,125.06
57.148,56.858,75.397,35.367,125.13
57.222,56.935,75.395,35.336,125.2
57.297,57.013,75.393,35.306,125.28
57.372,57.09,75.391,35.275,125.35
57.447,57.168,75.388,35.245,125.42
57.525,57.245,75.386,35.214,125.49
57.605,57.323,75.384,35.183,125.56
57.684,57.401,75.382,35.153,125.63
57.763,57.478,75.38,35.122,125.7
57.843,57.556,75.378,35.092,125.77
57.922,57.633,75.375,35.061,125.85
58.001,57.711,75.373,35.031,125.92
58.081,57.788,75.371,35,125.99
58.16,57.866,75.369,34.97,126.06
58.24,57.944,75.367,34.939,126.13
58.319,58.021,75.364,34.908,126.2
58.398,58.099,75.362,34.878,126.27
58.478,58.176,75.36,34.847,126.34
58.557,58.254,75.358,34.817,126.42
58.636,58.331,75.356,34.786,126.49
58.716,58.409,75.353,34.756,126.56
58.795,58.487,75.351,34.725,126.63
58.874,58.564,75.349,34.695,126.7
58.954,58.642,75.347,34.664,126.77
59.033,58.719,75.345,34.633,126.84
59.112,58.797,75.343,34.603,126.91
59.192,58.874,75.34,34.572,126.99
59.271,58.952,75.338,34.542,127.06
59.351,59.03,75.336,34.511,127.13
59.43,59.107,75.334,34.481,127.2
59.509,59.185,75.332,34.45,127.27
59.589,59.262,75.329,34.42,127.34
59.668,59.34,75.327,34.389,127.41
59.747,59.417,75.325,34.358,127.48
59.827,59.495,75.323,34.328,127.56
59.906,59.573,75.321,34.297,127.63
59.985,59.65,75.318,34.267,127.7
60.065,59.728,75.316,34.236,127.77
60.144,59.805,75.314,34.206,127.84
60.223,59.883,75.312,34.175,127.91
60.303,59.96,75.31,34.145,127.98
60.382,60.038,75.308,34.114,128.05
60.462,60.116,75.305,34.083,128.13
60.541,60.193,75.303,34.053,128.2
60.62,60.271,75.301,34.022,128.27
60.7,60.348,75.299,33.992,128.34
60.779,60.426,75.297,33.961,128.41
60.858,60.503,75.294,33.931,128.48
60.938,60.581,75.292,33.9,128.55
61.017,60.658,75.29,33.87,128.62
61.096,60.736,75.288,33.839,128.7
61.176,60.814,75.286,33.808,128.77
61.255,60.891,75.283,33.778,128.84
61.334,60.969,75.281,33.747,128.91
61.414,61.046,75.279,33.717,128.98
61.493,61.124,75.277,33.686,129.05
61.573,61.201,75.275,33.656,129.12
61.652,61.279,75.273,33.625,129.19
61.731,61.357,75.27,33.595,129.27
61.811,61.434,75.268,33.564,129.34
61.89,61.512,75.266,33.533,129.41
61.969,61.589,75.264,33.503,129.48
62.049,61.667,75.262,33.472,129.55
62.128,61.744,75.259,33.442,129.62
62.207,61.822,75.257,33.411,129.69
62.287,61.9,75.255,33.381,129.76
62.366,61.977,75.253,33.35,129.84
62.446,62.055,75.251,33.319,129.91
62.525,62.132,75.248,33.289,129.98
62.604,62.21,75.246,33.258,130.05
62.684,62.287,75.244,33.228,130.12
62.763,62.365,75.242,33.197,130.19
62.842,62.443,75.24,33.167,130.26
62.922,62.52,75.238,33.136,130.33
63.001,62.598,75.235,33.106,130.41
63.08,62.675,75.233,33.075,130.48
63.16,62.753,75.231,33.044,130.55
63.239,62.83,75.229,33.014,130.62
63.318,62.908,75.227,32.983,130.69
63.398,62.986,75.224,32.953,130.76
63.477,63.063,75.222,32.922,130.83
63.557,63.141,75.22,32.892,130.9
63.636,63.218,75.218,32.861,130.98
63.715,63.296,75.216,32.831,131.05
63.795,63.373,75.213,32.8,131.12
63.874,63.451,75.211,32.769,131.19
63.953,63.529,75.209,32.739,131.26
64.033,63.606,75.207,32.708,131.33
64.112,63.684,75.205,32.678,131.4
64.191,63.761,75.203,32.647,131.48
64.271,63.839,75.2,32.617,131.55
64.35,63.916,75.198,32.586,131.62
64.429,63.994,75.196,32.556,131.69
64.509,64.071,75.194,32.525,131.76
64.588,64.149,75.192,32.494,131.83
64.668,64.227,75.189,32.464,131.9
64.747,64.304,75.187,32.433,131.97
64.826,64.382,75.185,32.403,132.05
64.906,64.459,75.183,32.372,132.12
64.985,64.537,75.181,32.342,132.19
65.064,64.614,75.178,32.311,132.26
65.144,64.692,75.176,32.281,132.33
65.223,64.77,75.174,32.25,132.4
65.302,64.847,75.172,32.219,132.47
65.382,64.925,75.17,32.189,132.54
65.461,65.002,75.168,32.158,132.62
65.54,65.08,75.165,32.128,132.69
65.62,65.157,75.163,32.097,132.76
65.699,65.235,75.161,32.067,132.83
65.779,65.313,75.159,32.036,132.9
65.858,65.39,75.157,32.006,132.97
65.937,65.468,75.154,31.975,133.04
66.017,65.545,75.152,31.944,133.11
66.096,65.623,75.15,31.914,133.19
66.175,65.7,75.148,31.883,133.26
66.255,65.778,75.146,31.853,133.33
66.334,65.856,75.143,31.822,133.4
66.413,65.933,75.141,31.792,133.47
66.493,66.011,75.139,31.761,133.54
66.572,66.088,75.137,31.731,133.61
66.651,66.166,75.135,31.7,133.68
66.727,66.243,75.133,31.669,133.76
66.801,66.321,75.13,31.639,133.83
66.875,66.399,75.128,31.608,133.9
66.949,66.476,75.126,31.578,133.97
67.023,66.554,75.124,31.547,134.04
67.097,66.631,75.122,31.517,134.11
67.17,66.709,75.119,31.486,134.18
67.244,66.786,75.117,31.456,134.25
67.318,66.864,75.115,31.425,134.33
67.392,66.942,75.113,31.394,134.4
67.466,67.019,75.111,31.364,134.47
67.54,67.097,75.108,31.333,134.54
67.614,67.174,75.106,31.303,134.61
67.688,67.252,75.104,31.272,134.68
67.762,67.329,75.102,31.242,134.75
67.836,67.407,75.1,31.211,134.82
67.91,67.484,75.098,31.181,134.9
67.984,67.562,75.095,31.15,134.97
68.058,67.64,75.093,31.119,135.04
68.132,67.717,75.091,31.089,135.11
68.206,67.795,75.089,31.058,135.18
68.28,67.872,75.087,31.028,135.25
68.354,67.95,75.084,30.997,135.32
68.428,68.027,75.082,30.967,135.39
68.502,68.105,75.08,30.936,135.47
68.576,68.183,75.078,30.906,135.54
68.65,68.26,75.076,30.875,135.61
68.724,68.338,75.073,30.844,135.68
68.798,68.415,75.071,30.814,135.75
68.872,68.493,75.069,30.783,135.82
68.946,68.57,75.067,30.753,135.89
69.02,68.648,75.065,30.722,135.96
69.094,68.726,75.063,30.692,136.04
69.168,68.803,75.06,30.661,136.11
69.242,68.881,75.058,30.631,136.18
69.316,68.958,75.056,30.6,136.25
69.39,69.036,75.054,30.569,136.32
69.464,69.113,75.052,30.539,136.39
69.538,69.191,75.049,30.508,136.46
69.612,69.269,75.047,30.478,136.53
69.686,69.346,75.045,30.447,136.61
69.76,69.424,75.043,30.417,136.68
69.835,69.501,75.041,30.386,136.75
69.909,69.579,75.038,30.355,136.82
69.984,69.656,75.036,30.325,136.89
70.058,69.734,75.034,30.294,136.96
70.133,69.812,75.032,30.264,137.03
70.207,69.889,75.03,30.233,137.1
70.282,69.967,75.028,30.203,137.18
70.357,70.044,75.025,30.172,137.25
70.431,70.122,75.023,30.142,137.32
70.506,70.199,75.021,30.111,137.39
70.58,70.277,75.019,30.08,137.46
70.655,70.355,75.017,30.05,137.53
70.729,70.432,75.014,30.019,137.6
70.804,70.51,75.012,29.989,137.67
70.878,70.587,75.01,29.958,137.75
70.953,70.665,75.008,29.928,137.82
71.027,70.742,75.006,29.897,137.89
71.102,70.82,75.003,29.867,137.96
71.176,70.897,75.001,29.836,138.03
71.251,70.975,74.999,29.805,138.1
71.325,71.053,74.997,29.775,138.17
71.4,71.13,74.995,29.744,138.24
71.474,71.208,74.993,29.714,138.32
71.549,71.285,74.99,29.683,138.39
71.623,71.363,74.988,29.653,138.46
71.698,71.44,74.986,29.622,138.53
71.772,71.518,74.984,29.592,138.6
71.847,71.596,74.982,29.561,138.67
71.921,71.673,74.979,29.53,138.74
71.996,71.751,74.977,29.5,138.82
72.071,71.828,74.975,29.469,138.89
72.145,71.906,74.973,29.439,138.96
72.22,71.983,74.971,29.408,139.03
72.294,72.061,74.968,29.378,139.1
72.369,72.139,74.966,29.347,139.17
72.443,72.216,74.964,29.317,139.24
72.518,72.294,74.962,29.286,139.31
72.592,72.371,74.96,29.255,139.39
72.667,72.449,74.958,29.225,139.46
72.741,72.526,74.955,29.194,139.53
72.816,72.604,74.953,29.164,139.6
72.89,72.682,74.951,29.133,139.67
72.965,72.759,74.949,29.103,139.74
73.039,72.837,74.947,29.072,139.81
73.114,72.914,74.944,29.042,139.88
73.188,72.992,74.942,29.011,139.96
73.263,73.069,74.94,28.98,140.03
73.339,73.147,74.938,28.95,140.1
73.415,73.225,74.936,28.919,140.17
73.491,73.302,74.933,28.889,140.24
73.567,73.38,74.931,28.858,140.31
73.643,73.457,74.929,28.828,140.38
73.72,73.535,74.927,28.797,140.45
73.796,73.612,74.925,28.767,140.53
73.872,73.69,74.923,28.736,140.6
73.948,73.768,74.92,28.705,140.67
74.024,73.845,74.918,28.675,140.74
74.101,73.923,74.916,28.644,140.81
74.177,74,74.914,28.614,140.88
74.253,74.078,74.912,28.583,140.95
74.329,74.155,74.909,28.553,141.02
74.405,74.233,74.907,28.522,141.1
74.481,74.311,74.905,28.492,141.17
74.558,74.388,74.903,28.461,141.24
74.634,74.466,74.901,28.43,141.31
74.71,74.543,74.898,28.4,141.38
74.786,74.621,74.896,28.369,141.45
74.862,74.698,74.894,28.339,141.52
74.939,74.776,74.892,28.308,141.59
75.015,74.853,74.89,28.278,141.67
75.091,74.931,74.888,28.247,141.74
75.167,75.009,74.885,28.217,141.81
75.244,75.086,74.883,28.186,141.88
75.322,75.164,74.881,28.155,141.95
75.399,75.241,74.879,28.125,142.02
75.476,75.319,74.877,28.094,142.09
75.554,75.396,74.874,28.064,142.16
75.631,75.474,74.872,28.033,142.24
75.708,75.552,74.87,28.003,142.31
75.785,75.629,74.868,27.972,142.38
75.863,75.707,74.866,27.942,142.45
75.94,75.784,74.863,27.911,142.52
76.017,75.862,74.861,27.88,142.59
76.095,75.939,74.859,27.85,142.66
76.172,76.017,74.857,27.819,142.73
76.249,76.095,74.855,27.789,142.81
76.326,76.172,74.853,27.758,142.88
76.404,76.25,74.85,27.728,142.95
76.481,76.327,74.848,27.697,143.02
76.558,76.405,74.846,27.666,143.09
76.636,76.482,74.844,27.636,143.16
76.713,76.56,74.842,27.605,143.23
76.79,76.638,74.839,27.575,143.3
76.867,76.715,74.837,27.544,143.38
76.945,76.793,74.835,27.514,143.45
77.022,76.87,74.833,27.483,143.52
77.099,76.948,74.831,27.453,143.59
77.177,77.025,74.828,27.422,143.66
77.254,77.103,74.826,27.391,143.73
77.331,77.181,74.824,27.361,143.8
77.408,77.258,74.822,27.33,143.87
77.486,77.336,74.82,27.3,143.95
77.563,77.413,74.817,27.269,144.02
77.64,77.491,74.815,27.239,144.09
77.718,77.568,74.813,27.208,144.16
