,x,y,z,r,ux,uy,uz,U_mag,mu,g11,g12,g13,g21,g22,g23,g31,g32,g33,F11,F12,F13,F21,F22,F23,F31,F32,F33,C11,C12,C13,C21,C22,C23,C31,C32,C33,xstretch,ystretch,zstretch
0,0.0,10.0,0.0,0.0,-0.1675352597112642,0.9331850882259178,0.1168710359405231,0.9552807499240974,162.5000000000004,0.12186602668413277,0.0004982588808687405,0.0826135623606064,-0.004303409949594433,-0.007625978828709664,-0.023355380856807655,-0.08511562463133096,0.023041119109941596,-0.13396337985967446,1.1218660266841327,0.0004982588808687405,0.0826135623606064,-0.004303409949594433,0.9923740211712904,-0.023355380856807655,-0.08511562463133096,0.023041119109941596,0.8660366201403256,1.265846570721619,-0.005672771770734846,0.01906860885722056,-0.005672771770734846,0.9853373393274276,-0.0031816573575063276,0.01906860885722056,-0.0031816573575063276,0.7573899019249549,1.266679773439965,0.7566372701420917,0.9852567683919451
1,0.0,10.656565656565657,0.0,0.6565656565656575,-0.16487614709367385,0.9271954156078883,0.1307491187113129,0.9507737978344399,162.50000000000003,0.06826087884277995,0.03908964580529012,-0.000363911050561193,0.01828633772955125,-0.0238887768680138,0.011612159815942626,-0.056383559040172795,0.0023563471240901704,-0.08948790866623317,1.0682608788427799,0.03908964580529012,-0.000363911050561193,0.01828633772955125,0.9761112231319862,0.011612159815942626,-0.056383559040172795,0.0023563471240901704,0.9105120913337669,1.1446948011435443,0.059474579632218784,-0.0515143203210379,0.059474579632218784,0.9543266727051744,0.013466016914936436,-0.0515143203210379,0.013466016914936436,0.8291672431518335,1.167999807146925,0.8169580022994407,0.9432309075541865
2,0.0,11.313131313131313,0.0,1.3131313131313131,-0.13921122813060463,0.9115108651389903,0.13229621530793775,0.9315224698786745,162.49999999999943,0.06826087884277995,0.03908964580529012,-0.000363911050561193,0.01828633772955125,-0.0238887768680138,0.011612159815942626,-0.056383559040172795,0.0023563471240901704,-0.08948790866623317,1.0682608788427799,0.03908964580529012,-0.000363911050561193,0.01828633772955125,0.9761112231319862,0.011612159815942626,-0.056383559040172795,0.0023563471240901704,0.9105120913337669,1.1446948011435443,0.059474579632218784,-0.0515143203210379,0.059474579632218784,0.9543266727051744,0.013466016914936436,-0.0515143203210379,0.013466016914936436,0.8291672431518335,1.167999807146925,0.8169580022994407,0.9432309075541865
3,0.0,11.969696969696969,0.0,1.9696969696969688,-0.11354630916753541,0.8958263146700924,0.13384331190456264,0.9128590156878285,162.49999999999883,0.06826087884277995,0.03908964580529012,-0.000363911050561193,0.01828633772955125,-0.0238887768680138,0.011612159815942626,-0.056383559040172795,0.0023563471240901704,-0.08948790866623317,1.0682608788427799,0.03908964580529012,-0.000363911050561193,0.01828633772955125,0.9761112231319862,0.011612159815942626,-0.056383559040172795,0.0023563471240901704,0.9105120913337669,1.1446948011435443,0.059474579632218784,-0.0515143203210379,0.059474579632218784,0.9543266727051744,0.013466016914936436,-0.0515143203210379,0.013466016914936436,0.8291672431518335,1.167999807146925,0.8169580022994407,0.9432309075541865
4,0.0,12.626262626262626,0.0,2.6262626262626263,-0.08718864009426626,0.8854387085813187,0.12679821411757955,0.8987109394677737,162.50000000000009,0.06407329697263418,0.041827413847748345,-0.0001505538648461492,-0.013732983417836558,-0.0029551027580256104,0.013243543382964072,-0.004444891841429703,-0.031600248265325884,-0.09213418238862085,1.064073296972634,0.041827413847748345,-0.0001505538648461492,-0.013732983417836558,0.9970448972419744,0.013243543382964072,-0.004444891841429703,-0.031600248265325884,0.9078658176113792,1.132460333227248,0.030955492801851503,-0.004377439074824185,0.030955492801851503,0.9968466353558805,-0.015490675155546904,-0.004377439074824185,-0.015490675155546904,0.8243957568949807,1.139374820789226,0.9913211287275873,0.8230067759612956
5,0.0,13.282828282828284,0.0,3.2828282828282838,-0.059726196658875845,0.8834984895987766,0.10605057636761808,0.8918427688996297,162.49999999999923,0.06407329697263418,0.041827413847748345,-0.0001505538648461492,-0.013732983417836558,-0.0029551027580256104,0.013243543382964072,-0.004444891841429703,-0.031600248265325884,-0.09213418238862085,1.064073296972634,0.041827413847748345,-0.0001505538648461492,-0.013732983417836558,0.9970448972419744,0.013243543382964072,-0.004444891841429703,-0.031600248265325884,0.9078658176113792,1.132460333227248,0.030955492801851503,-0.004377439074824185,0.030955492801851503,0.9968466353558805,-0.015490675155546904,-0.004377439074824185,-0.015490675155546904,0.8243957568949807,1.139374820789226,0.9913211287275873,0.8230067759612956
6,0.0,13.93939393939394,0.0,3.9393939393939394,-0.03338832884127571,0.8789272756071667,0.07999524323777947,0.8831914714543619,162.4999999999995,0.0637138469151728,0.03120754169775454,0.011692339268972372,-0.014573932921124085,-0.027800769142359388,0.04095052211795231,-0.006141399732142338,-0.08172319727267531,-0.03623890227018542,1.0637138469151728,0.03120754169775454,0.011692339268972372,-0.014573932921124085,0.9721992308576406,0.04095052211795231,-0.006141399732142338,-0.08172319727267531,0.9637610977298146,1.131737264430535,0.01952902267743669,0.0059216508733568075,0.01952902267743669,0.9528239361114736,-0.03858468304193096,0.0059216508733568075,-0.03858468304193096,0.9306491095566908,1.133859808708231,0.9004074808049117,0.9809430205855557
7,0.0,14.595959595959595,0.0,4.595959595959595,-0.012898528736689382,0.8606742453621834,0.02633859856380078,0.8611737632136967,162.49999999999883,0.0637138469151728,0.03120754169775454,0.011692339268972372,-0.014573932921124085,-0.027800769142359388,0.04095052211795231,-0.006141399732142338,-0.08172319727267531,-0.03623890227018542,1.0637138469151728,0.03120754169775454,0.011692339268972372,-0.014573932921124085,0.9721992308576406,0.04095052211795231,-0.006141399732142338,-0.08172319727267531,0.9637610977298146,1.131737264430535,0.01952902267743669,0.0059216508733568075,0.01952902267743669,0.9528239361114736,-0.03858468304193096,0.0059216508733568075,-0.03858468304193096,0.9306491095566908,1.133859808708231,0.9004074808049117,0.9809430205855557
8,0.0,15.252525252525253,0.0,5.252525252525253,0.011630492392953266,0.8328301539239226,-0.00727658298974883,0.8329431446973159,145.13047744713478,0.06312301158858404,0.04379666923492705,0.014849755884770931,-0.013171004550205333,-0.05769343701816833,0.03345329040249502,-0.009072956172015777,-0.019259535668244464,-0.020572701220819962,1.0631230115885841,0.04379666923492705,0.014849755884770931,-0.013171004550205333,0.9423065629818317,0.03345329040249502,-0.009072956172015777,-0.019259535668244464,0.97942729877918,1.1304863316637417,0.03432486378887404,0.006460202801963069,0.03432486378887404,0.8902307365888628,0.013310309951022954,0.006460202801963069,0.013310309951022954,0.960617471482472,1.1356836158015309,0.8834599634574487,0.9621909604760969
9,0.0,15.90909090909091,0.0,5.90909090909091,0.03476728885173615,0.79625574010333,-0.017312907831286244,0.7972024239797422,135.62564528134638,0.039895743579103075,0.00046665102393095997,0.008658319725765709,-0.007775655328523283,-0.04762851763398841,0.034891469022897026,0.0017119289151849965,0.0008594583968846004,-0.017697893582127578,1.039895743579103,0.00046665102393095997,0.008658319725765709,-0.007775655328523283,0.9523714823660115,0.034891469022897026,0.0017119289151849965,0.0008594583968846004,0.9823021064178724,1.081446549030334,-0.006918572646389235,0.010414077171766739,-0.006918572646389235,0.9070123968559484,0.03407792828266804,0.010414077171766739,0.03407792828266804,0.9662098093840384,1.0824697243029453,0.8908808130834107,0.9813182178839656
10,0.0,16.565656565656568,0.0,6.5656565656565675,0.0350736758876504,0.7649844911517214,-0.01674861696464484,0.765971246596867,145.393969550671,0.039895743579103075,0.00046665102393095997,0.008658319725765709,-0.007775655328523283,-0.04762851763398841,0.034891469022897026,0.0017119289151849965,0.0008594583968846004,-0.017697893582127578,1.039895743579103,0.00046665102393095997,0.008658319725765709,-0.007775655328523283,0.9523714823660115,0.034891469022897026,0.0017119289151849965,0.0008594583968846004,0.9823021064178724,1.081446549030334,-0.006918572646389235,0.010414077171766739,-0.006918572646389235,0.9070123968559484,0.03407792828266804,0.010414077171766739,0.03407792828266804,0.9662098093840384,1.0824697243029453,0.8908808130834107,0.9813182178839656
11,0.0,17.22222222222222,0.0,7.222222222222221,0.035380062923564666,0.7337132422001129,-0.016184326098003434,0.7347440391343937,155.16229381999548,0.039895743579103075,0.00046665102393095997,0.008658319725765709,-0.007775655328523283,-0.04762851763398841,0.034891469022897026,0.0017119289151849965,0.0008594583968846004,-0.017697893582127578,1.039895743579103,0.00046665102393095997,0.008658319725765709,-0.007775655328523283,0.9523714823660115,0.034891469022897026,0.0017119289151849965,0.0008594583968846004,0.9823021064178724,1.081446549030334,-0.006918572646389235,0.010414077171766739,-0.006918572646389235,0.9070123968559484,0.03407792828266804,0.010414077171766739,0.03407792828266804,0.9662098093840384,1.0824697243029453,0.8908808130834107,0.9813182178839656
12,0.0,17.87878787878788,0.0,7.878787878787879,0.03568644995947893,0.7024419932485044,-0.015620035231362033,0.7035213302311959,164.93061808932012,0.039895743579103075,0.00046665102393095997,0.008658319725765709,-0.007775655328523283,-0.04762851763398841,0.034891469022897026,0.0017119289151849965,0.0008594583968846004,-0.017697893582127578,1.039895743579103,0.00046665102393095997,0.008658319725765709,-0.007775655328523283,0.9523714823660115,0.034891469022897026,0.0017119289151849965,0.0008594583968846004,0.9823021064178724,1.081446549030334,-0.006918572646389235,0.010414077171766739,-0.006918572646389235,0.9070123968559484,0.03407792828266804,0.010414077171766739,0.03407792828266804,0.9662098093840384,1.0824697243029453,0.8908808130834107,0.9813182178839656
13,0.0,18.535353535353536,0.0,8.535353535353536,0.0359928369953932,0.6711707442968958,-0.015055744364720632,0.67230374664537,174.69894235864467,0.039895743579103075,0.00046665102393095997,0.008658319725765709,-0.007775655328523283,-0.04762851763398841,0.034891469022897026,0.0017119289151849965,0.0008594583968846004,-0.017697893582127578,1.039895743579103,0.00046665102393095997,0.008658319725765709,-0.007775655328523283,0.9523714823660115,0.034891469022897026,0.0017119289151849965,0.0008594583968846004,0.9823021064178724,1.081446549030334,-0.006918572646389235,0.010414077171766739,-0.006918572646389235,0.9070123968559484,0.03407792828266804,0.010414077171766739,0.03407792828266804,0.9662098093840384,1.0824697243029453,0.8908808130834107,0.9813182178839656
14,0.0,19.19191919191919,0.0,9.19191919191919,0.03477960797702422,0.6404202967736092,-0.01401725971588471,0.6415171558271655,188.44688458062151,0.027970041946697177,-0.004032701749116848,0.009776474552378678,-0.003688489740614375,-0.04608650355475863,0.03450825602041267,0.0054333252155559075,0.0022634743013396743,-0.018046812024267063,1.0279700419466973,-0.004032701749116848,0.009776474552378678,-0.003688489740614375,0.9539134964452414,0.03450825602041267,0.0054333252155559075,0.0022634743013396743,0.9819531879757329,1.0567655331193593,-0.007651698539273794,0.0152579106241258,-0.007651698539273794,0.9099723446996958,0.03510109135673347,0.0152579106241258,0.03510109135673347,0.9655184625639488,1.0592761935176376,0.8918668165300104,0.9811133303353569
15,0.0,19.848484848484848,0.0,9.848484848484848,0.03213187450538186,0.6101614813083638,-0.012531140225106135,0.611135435159006,205.95155183805417,0.027970041946697177,-0.004032701749116848,0.009776474552378678,-0.003688489740614375,-0.04608650355475863,0.03450825602041267,0.0054333252155559075,0.0022634743013396743,-0.018046812024267063,1.0279700419466973,-0.004032701749116848,0.009776474552378678,-0.003688489740614375,0.9539134964452414,0.03450825602041267,0.0054333252155559075,0.0022634743013396743,0.9819531879757329,1.0567655331193593,-0.007651698539273794,0.0152579106241258,-0.007651698539273794,0.9099723446996958,0.03510109135673347,0.0152579106241258,0.03510109135673347,0.9655184625639488,1.0592761935176376,0.8918668165300104,0.9811133303353569
16,0.0,20.505050505050505,0.0,10.505050505050505,0.029484141033739482,0.5799026658431181,-0.011045020734327553,0.5807567553696421,223.45621909548677,0.027970041946697177,-0.004032701749116848,0.009776474552378678,-0.003688489740614375,-0.04608650355475863,0.03450825602041267,0.0054333252155559075,0.0022634743013396743,-0.018046812024267063,1.0279700419466973,-0.004032701749116848,0.009776474552378678,-0.003688489740614375,0.9539134964452414,0.03450825602041267,0.0054333252155559075,0.0022634743013396743,0.9819531879757329,1.0567655331193593,-0.007651698539273794,0.0152579106241258,-0.007651698539273794,0.9099723446996958,0.03510109135673347,0.0152579106241258,0.03510109135673347,0.9655184625639488,1.0592761935176376,0.8918668165300104,0.9811133303353569
17,0.0,21.161616161616163,0.0,11.161616161616163,0.026883734188917176,0.5508030507891739,-0.010297692794618382,0.5515548734255676,263.2835083018233,0.02825631028312373,-0.0032354796108147845,0.008938820118342048,0.003323258098287764,-0.02655964747579974,0.013991066655636798,0.0009645379281234501,-0.010181549138470386,-0.004970620878535472,1.0282563102831237,-0.0032354796108147845,0.008938820118342048,0.003323258098287764,0.9734403525242002,0.013991066655636798,0.0009645379281234501,-0.010181549138470386,0.9950293791214645,1.0573230140148662,-0.00010172928219765056,0.010197637694497759,-0.00010172928219765056,0.9477002521936103,0.0034596069694681625,0.010197637694497759,0.0034596069694681625,0.9903591177661177,1.0588430393838788,0.98912572151068,0.947413623080035
18,0.0,21.81818181818182,0.0,11.81818181818182,0.02475942939393779,0.5333648984060732,-0.016982548289573695,0.5342092765406099,283.25035636403175,0.02825631028312373,-0.0032354796108147845,0.008938820118342048,0.003323258098287764,-0.02655964747579974,0.013991066655636798,0.0009645379281234501,-0.010181549138470386,-0.004970620878535472,1.0282563102831237,-0.0032354796108147845,0.008938820118342048,0.003323258098287764,0.9734403525242002,0.013991066655636798,0.0009645379281234501,-0.010181549138470386,0.9950293791214645,1.0573230140148662,-0.00010172928219765056,0.010197637694497759,-0.00010172928219765056,0.9477002521936103,0.0034596069694681625,0.010197637694497759,0.0034596069694681625,0.9903591177661177,1.0588430393838788,0.98912572151068,0.947413623080035
19,0.0,22.474747474747474,0.0,12.474747474747474,0.021591657417707986,0.5153479022392153,-0.022595749224270878,0.5162947103112812,328.24999999999824,0.02262646113015054,-0.013028873698017838,0.0016612456235032406,0.0002002052181931564,-0.03199234856225576,0.009953969147579003,0.006746467275550915,-0.000123604219321407,0.0025035441312989295,1.0226264611301505,-0.013028873698017838,0.0016612456235032406,0.0002002052181931564,0.9680076514377443,0.009953969147579003,0.006746467275550915,-0.000123604219321407,1.0025035441312988,1.045810433906405,-0.013130704711067713,0.008464183923701768,-0.013130704711067713,0.9372085800698593,0.009489960469682415,0.008464183923701768,0.009489960469682415,1.0051151972346275,0.9341029345828159,1.0486217160179894,1.0054095606100872
20,0.0,23.13131313131313,0.0,13.131313131313131,0.013037346403857893,0.4943428249003604,-0.02267690350968392,0.4950343855577207,328.2499999999971,0.02262646113015054,-0.013028873698017838,0.0016612456235032406,0.0002002052181931564,-0.03199234856225576,0.009953969147579003,0.006746467275550915,-0.000123604219321407,0.0025035441312989295,1.0226264611301505,-0.013028873698017838,0.0016612456235032406,0.0002002052181931564,0.9680076514377443,0.009953969147579003,0.006746467275550915,-0.000123604219321407,1.0025035441312988,1.045810433906405,-0.013130704711067713,0.008464183923701768,-0.013130704711067713,0.9372085800698593,0.009489960469682415,0.008464183923701768,0.009489960469682415,1.0051151972346275,0.9341029345828159,1.0486217160179894,1.0054095606100872
21,0.0,23.78787878787879,0.0,13.787878787878789,0.010621075703159188,0.47779057941672215,-0.020042439062714024,0.47832869910976694,328.2499999999979,0.01378730370037858,-0.001845388603019447,-0.0014668467824964662,-0.006212147873107046,-0.02387930659075727,0.007684699347957119,0.002835808454470832,0.00482424233558506,0.0011195997612763252,1.0137873037003786,-0.001845388603019447,-0.0014668467824964662,-0.006212147873107046,0.9761206934092427,0.007684699347957119,0.002835808454470832,0.00482424233558506,1.0011195997612763,1.0278113297348714,-0.007920956998390828,0.0013041742916609356,-0.007920956998390828,0.9528382868749493,0.012333544514656573,0.0013041742916609356,0.012333544514656573,1.0023016592697298,0.9491183655200593,1.028639056088995,1.0051938542704968
22,0.0,24.444444444444443,0.0,14.444444444444443,0.009409456923398955,0.46211224680662905,-0.016875007226218798,0.46251598069380156,328.2499999999991,0.01378730370037858,-0.001845388603019447,-0.0014668467824964662,-0.006212147873107046,-0.02387930659075727,0.007684699347957119,0.002835808454470832,0.00482424233558506,0.0011195997612763252,1.0137873037003786,-0.001845388603019447,-0.0014668467824964662,-0.006212147873107046,0.9761206934092427,0.007684699347957119,0.002835808454470832,0.00482424233558506,1.0011195997612763,1.0278113297348714,-0.007920956998390828,0.0013041742916609356,-0.007920956998390828,0.9528382868749493,0.012333544514656573,0.0013041742916609356,0.012333544514656573,1.0023016592697298,0.9491183655200593,1.028639056088995,1.0051938542704968
23,0.0,25.1010101010101,0.0,15.1010101010101,0.008197838143638711,0.4464339141965359,-0.013707575389723548,0.44671953384437335,328.25000000000034,0.01378730370037858,-0.001845388603019447,-0.0014668467824964662,-0.006212147873107046,-0.02387930659075727,0.007684699347957119,0.002835808454470832,0.00482424233558506,0.0011195997612763252,1.0137873037003786,-0.001845388603019447,-0.0014668467824964662,-0.006212147873107046,0.9761206934092427,0.007684699347957119,0.002835808454470832,0.00482424233558506,1.0011195997612763,1.0278113297348714,-0.007920956998390828,0.0013041742916609356,-0.007920956998390828,0.9528382868749493,0.012333544514656573,0.0013041742916609356,0.012333544514656573,1.0023016592697298,0.9491183655200593,1.028639056088995,1.0051938542704968
24,0.0,25.757575757575758,0.0,15.757575757575758,0.006993781251819752,0.4298794296800412,-0.010401176628154736,0.4300621135527819,328.2500000000016,0.013734692150320875,-0.0017774664088537734,-0.00129411517091013,-0.00011635403963644078,-0.03174905556977039,-0.012328706293933133,0.0018689513161931823,0.006072467453539874,0.004293936793454284,1.013734692150321,-0.0017774664088537734,-0.00129411517091013,-0.00011635403963644078,0.9682509444302296,-0.012328706293933133,0.0018689513161931823,0.006072467453539874,1.0042939367934542,1.0276615325863907,-0.0019031901255133392,0.0005665215254061088,-0.0019031901255133392,0.9375499256378405,-0.005836439021492509,0.0005665215254061088,-0.005836439021492509,1.0087599832130523,0.9370369298315473,1.027727288184936,1.0092072234208014
25,0.0,26.414141414141415,0.0,16.414141414141415,0.005826757852067269,0.4090340901645354,-0.006414203047547742,0.409125873081294,328.25000000000284,0.013734692150320875,-0.0017774664088537734,-0.00129411517091013,-0.00011635403963644078,-0.03174905556977039,-0.012328706293933133,0.0018689513161931823,0.006072467453539874,0.004293936793454284,1.013734692150321,-0.0017774664088537734,-0.00129411517091013,-0.00011635403963644078,0.9682509444302296,-0.012328706293933133,0.0018689513161931823,0.006072467453539874,1.0042939367934542,1.0276615325863907,-0.0019031901255133392,0.0005665215254061088,-0.0019031901255133392,0.9375499256378405,-0.005836439021492509,0.0005665215254061088,-0.005836439021492509,1.0087599832130523,0.9370369298315473,1.027727288184936,1.0092072234208014
26,0.0,27.070707070707073,0.0,17.070707070707073,0.004659734452314792,0.38818875064902963,-0.0024272294669407495,0.3882243046210602,328.2500000000041,0.013734692150320875,-0.0017774664088537734,-0.00129411517091013,-0.00011635403963644078,-0.03174905556977039,-0.012328706293933133,0.0018689513161931823,0.006072467453539874,0.004293936793454284,1.013734692150321,-0.0017774664088537734,-0.00129411517091013,-0.00011635403963644078,0.9682509444302296,-0.012328706293933133,0.0018689513161931823,0.006072467453539874,1.0042939367934542,1.0276615325863907,-0.0019031901255133392,0.0005665215254061088,-0.0019031901255133392,0.9375499256378405,-0.005836439021492509,0.0005665215254061088,-0.005836439021492509,1.0087599832130523,0.9370369298315473,1.027727288184936,1.0092072234208014
27,0.0,27.727272727272727,0.0,17.727272727272727,0.004576569675241247,0.3746223487232639,-0.0004947094960209072,0.37465062910718905,328.250000000004,0.014533976049333744,0.00073652059315502,-0.00037959898415425563,0.005251447162164862,-0.014865714785148273,-0.006187032362558308,0.00035390898767152383,0.001307206041292546,0.002560471707063157,1.0145339760493337,0.00073652059315502,-0.00037959898415425563,0.005251447162164862,0.9851342852148517,-0.006187032362558308,0.00035390898767152383,0.001307206041292546,1.002560471707063,1.0293068915073387,0.00592106844422537,-6.279177861955184e-05,0.00592106844422537,0.9704918111559954,-0.004784784181182427,-6.279177861955184e-05,-0.004784784181182427,1.0051659228943328,1.0299088957423845,0.9692716630305801,1.0057840667847024
28,0.0,28.383838383838384,0.0,18.383838383838384,0.004309594160277357,0.3639204852930953,0.00021244295282142627,0.36394606379214556,328.2500000000037,0.010108681328365107,-0.004004746181336283,0.00371611958510573,-0.0002999737257730045,-0.02081351466443756,-0.0010490564648698438,-0.0005370708838113819,0.0003526089968548417,0.00338509538403052,1.010108681328365,-0.004004746181336283,0.00371611958510573,-0.0002999737257730045,0.9791864853355624,-0.0010490564648698438,-0.0005370708838113819,0.0003526089968548417,1.0033850953840304,1.0203199265242988,-0.0043391484785426605,0.0032151104231649043,-0.0043391484785426605,0.9588223353888932,-0.0006883014165298307,0.0032151104231649043,-0.0006883014165298307,1.006796559703057,0.958513257431942,1.0213528054244727,1.0060727587598348
29,0.0,29.04040404040404,0.0,19.04040404040404,0.0016802153543494817,0.3502550463719999,0.0004439539103523833,0.3502593578018484,328.25000000000443,0.010108681328365107,-0.004004746181336283,0.00371611958510573,-0.0002999737257730045,-0.02081351466443756,-0.0010490564648698438,-0.0005370708838113819,0.0003526089968548417,0.00338509538403052,1.010108681328365,-0.004004746181336283,0.00371611958510573,-0.0002999737257730045,0.9791864853355624,-0.0010490564648698438,-0.0005370708838113819,0.0003526089968548417,1.0033850953840304,1.0203199265242988,-0.0043391484785426605,0.0032151104231649043,-0.0043391484785426605,0.9588223353888932,-0.0006883014165298307,0.0032151104231649043,-0.0006883014165298307,1.006796559703057,0.958513257431942,1.0213528054244727,1.0060727587598348
30,0.0,29.696969696969695,0.0,19.696969696969695,-0.0002625879232238601,0.33762601766142364,0.00046662240932889617,0.3376264422269119,328.25000000000443,0.010426397716551778,-0.001827719694157883,0.0018234908614120342,0.00017963047677565548,-0.01752721565333009,-0.0039060469239659474,-0.0006337138151302009,-0.0003095986483989311,0.00396079495307033,1.0104263977165517,-0.001827719694157883,0.0018234908614120342,0.00017963047677565548,0.98247278434667,-0.0039060469239659474,-0.0006337138151302009,-0.0003095986483989311,1.0039607949530702,1.020961939062755,-0.0016700979749916134,0.001205577831683494,-0.0016700979749916134,0.9652562083925018,-0.004151742532500076,0.001205577831683494,-0.004151742532500076,1.0079558601242946,0.9648136303769277,1.0211490523068836,1.0082113248957407
31,0.0,30.353535353535353,0.0,20.353535353535353,-0.0014626059042366097,0.32611824980822707,0.0002633505694710119,0.3261216359390078,328.2500000000036,0.010426397716551778,-0.001827719694157883,0.0018234908614120342,0.00017963047677565548,-0.01752721565333009,-0.0039060469239659474,-0.0006337138151302009,-0.0003095986483989311,0.00396079495307033,1.0104263977165517,-0.001827719694157883,0.0018234908614120342,0.00017963047677565548,0.98247278434667,-0.0039060469239659474,-0.0006337138151302009,-0.0003095986483989311,1.0039607949530702,1.020961939062755,-0.0016700979749916134,0.001205577831683494,-0.0016700979749916134,0.9652562083925018,-0.004151742532500076,0.001205577831683494,-0.004151742532500076,1.0079558601242946,0.9648136303769277,1.0211490523068836,1.0082113248957407
32,0.0,31.01010101010101,0.0,21.01010101010101,-0.0026626238852493697,0.31461048195503055,6.007872961312933e-05,0.3146217547013948,328.25000000000273,0.010426397716551778,-0.001827719694157883,0.0018234908614120342,0.00017963047677565548,-0.01752721565333009,-0.0039060469239659474,-0.0006337138151302009,-0.0003095986483989311,0.00396079495307033,1.0104263977165517,-0.001827719694157883,0.0018234908614120342,0.00017963047677565548,0.98247278434667,-0.0039060469239659474,-0.0006337138151302009,-0.0003095986483989311,1.0039607949530702,1.020961939062755,-0.0016700979749916134,0.001205577831683494,-0.0016700979749916134,0.9652562083925018,-0.004151742532500076,0.001205577831683494,-0.004151742532500076,1.0079558601242946,0.9648136303769277,1.0211490523068836,1.0082113248957407
33,0.0,31.666666666666668,0.0,21.666666666666668,-0.0037085716767892712,0.30287369127149477,-0.00018115825057979438,0.3028964496104475,328.2500000000018,0.007428864153826644,0.00037188551628001654,-0.00011202810048196164,0.00463541535586859,-0.02079689301691995,-0.001028929472855782,0.00010492214525384249,-0.000851613432580524,0.004437735036423515,1.0074288641538267,0.00037188551628001654,-0.00011202810048196164,0.00463541535586859,0.97920310698308,-0.001028929472855782,0.00010492214525384249,-0.000851613432580524,1.0044377350364235,1.0149344144144476,0.004913571968776566,-1.224209556650265e-05,0.004913571968776566,0.958839588269593,-0.0018629652656626055,-1.224209556650265e-05,-0.0018629652656626055,1.0088962348112558,0.9583443783283523,1.0153662599179982,1.0089595992489457
34,0.0,32.323232323232325,0.0,22.323232323232325,-0.003464404418625627,0.28921916555331506,-0.0007402983830821581,0.2892408613301856,328.25000000000017,0.007428864153826644,0.00037188551628001654,-0.00011202810048196164,0.00463541535586859,-0.02079689301691995,-0.001028929472855782,0.00010492214525384249,-0.000851613432580524,0.004437735036423515,1.0074288641538267,0.00037188551628001654,-0.00011202810048196164,0.00463541535586859,0.97920310698308,-0.001028929472855782,0.00010492214525384249,-0.000851613432580524,1.0044377350364235,1.0149344144144476,0.004913571968776566,-1.224209556650265e-05,0.004913571968776566,0.958839588269593,-0.0018629652656626055,-1.224209556650265e-05,-0.0018629652656626055,1.0088962348112558,0.9583443783283523,1.0153662599179982,1.0089595992489457
35,0.0,32.97979797979798,0.0,22.97979797979798,-0.0032202371604619796,0.27556463983513535,-0.001299438515584522,0.27558651852965027,328.24999999999864,0.007428864153826644,0.00037188551628001654,-0.00011202810048196164,0.00463541535586859,-0.02079689301691995,-0.001028929472855782,0.00010492214525384249,-0.000851613432580524,0.004437735036423515,1.0074288641538267,0.00037188551628001654,-0.00011202810048196164,0.00463541535586859,0.97920310698308,-0.001028929472855782,0.00010492214525384249,-0.000851613432580524,1.0044377350364235,1.0149344144144476,0.004913571968776566,-1.224209556650265e-05,0.004913571968776566,0.958839588269593,-0.0018629652656626055,-1.224209556650265e-05,-0.0018629652656626055,1.0088962348112558,0.9583443783283523,1.0153662599179982,1.0089595992489457
36,0.0,33.63636363636364,0.0,23.63636363636364,-0.002976069902298331,0.2619101141169555,-0.0018585786480868902,0.2619336159858279,328.24999999999693,0.007428864153826644,0.00037188551628001654,-0.00011202810048196164,0.00463541535586859,-0.02079689301691995,-0.001028929472855782,0.00010492214525384249,-0.000851613432580524,0.004437735036423515,1.0074288641538267,0.00037188551628001654,-0.00011202810048196164,0.00463541535586859,0.97920310698308,-0.001028929472855782,0.00010492214525384249,-0.000851613432580524,1.0044377350364235,1.0149344144144476,0.004913571968776566,-1.224209556650265e-05,0.004913571968776566,0.958839588269593,-0.0018629652656626055,-1.224209556650265e-05,-0.0018629652656626055,1.0088962348112558,0.9583443783283523,1.0153662599179982,1.0089595992489457
37,0.0,34.292929292929294,0.0,24.292929292929294,-0.0022944640082053513,0.2534942778995037,-0.002198173504128922,0.25351419183081253,328.2500000000031,0.007172064780921298,0.0010431776615283782,-1.7697395412663658e-05,0.0015600304489668915,-0.012757614305832774,0.00010075874773984492,-2.3962422062821306e-05,-0.0005146998462872239,0.0044850785013626345,1.0071720647809213,0.0010431776615283782,-1.7697395412663658e-05,0.0015600304489668915,0.9872423856941672,0.00010075874773984492,-2.3962422062821306e-05,-0.0005146998462872239,1.0044850785013626,1.0143980023442636,0.0025907999149434387,-4.173703097139877e-05,0.0025907999149434387,0.9746488812466761,-0.00041755347053178176,-4.173703097139877e-05,-0.00041755347053178176,1.0089902833974116,0.9744757620865044,1.0145670030212823,1.008994401880565
38,0.0,34.94949494949495,0.0,24.949494949494948,-0.0016095493819493463,0.24511806648658316,-0.002536107746640733,0.2451364701749548,328.25000000000364,0.007172064780921298,0.0010431776615283782,-1.7697395412663658e-05,0.0015600304489668915,-0.012757614305832774,0.00010075874773984492,-2.3962422062821306e-05,-0.0005146998462872239,0.0044850785013626345,1.0071720647809213,0.0010431776615283782,-1.7697395412663658e-05,0.0015600304489668915,0.9872423856941672,0.00010075874773984492,-2.3962422062821306e-05,-0.0005146998462872239,1.0044850785013626,1.0143980023442636,0.0025907999149434387,-4.173703097139877e-05,0.0025907999149434387,0.9746488812466761,-0.00041755347053178176,-4.173703097139877e-05,-0.00041755347053178176,1.0089902833974116,0.9744757620865044,1.0145670030212823,1.008994401880565
39,0.0,35.60606060606061,0.0,25.60606060606061,-0.0009104823105958153,0.23662647650173319,-0.0028214558201607337,0.23664504848529647,328.250000000004,0.0071669985477718166,0.0012574355721549101,-0.00019366388531222477,0.001601333187950934,-0.014504363477607075,0.001535335046898536,-4.278699906807887e-05,0.00028141719344807034,0.003831240700826839,1.0071669985477718,0.0012574355721549101,-0.00019366388531222477,0.001601333187950934,0.9854956365223929,0.001535335046898536,-4.278699906807887e-05,0.00028141719344807034,1.0038312407008267,1.0143879290624336,0.0028445424394214058,-0.00023554421749216522,0.0028445424394214058,0.9712033099445312,0.0017953178399134984,-0.00023554421749216522,0.0017953178399134984,1.007679554566368,0.9709279120508769,1.0145765165267686,1.0077663649956874
40,0.0,36.26262626262626,0.0,26.262626262626263,-0.0011798038247035467,0.2278089950344079,-0.0027054030145147313,0.2278281136320156,328.25000000000284,0.006242479757010141,-0.0013779277058690242,-0.0005069732471757492,0.002197114306978957,-0.01280607492088351,0.001737238787610199,-0.00010080935433394938,0.00011602305987274574,0.0038115775557573998,1.0062424797570102,-0.0013779277058690242,-0.0005069732471757492,0.002197114306978957,0.9871939250791165,0.001737238787610199,-0.00010080935433394938,0.00011602305987274574,1.0038115775557575,1.0125287655413409,0.000782436808664751,-0.0006075147022200316,0.000782436808664751,0.9745537578592253,0.0018321554407877228,-0.0006075147022200316,0.0018321554407877228,1.007640958255457,0.9744351844641853,1.0126113639645455,1.0076769332272937
41,0.0,36.91919191919192,0.0,26.919191919191917,-0.002084503833607448,0.21940096604594908,-0.002629226258032625,0.2194266207387881,328.2500000000012,0.006242479757010141,-0.0013779277058690242,-0.0005069732471757492,0.002197114306978957,-0.01280607492088351,0.001737238787610199,-0.00010080935433394938,0.00011602305987274574,0.0038115775557573998,1.0062424797570102,-0.0013779277058690242,-0.0005069732471757492,0.002197114306978957,0.9871939250791165,0.001737238787610199,-0.00010080935433394938,0.00011602305987274574,1.0038115775557575,1.0125287655413409,0.000782436808664751,-0.0006075147022200316,0.000782436808664751,0.9745537578592253,0.0018321554407877228,-0.0006075147022200316,0.0018321554407877228,1.007640958255457,0.9744351844641853,1.0126113639645455,1.0076769332272937
42,0.0,37.57575757575758,0.0,27.575757575757578,-0.0029892038425113586,0.21099293705749014,-0.0025530495015505207,0.21102955454039002,328.2499999999995,0.006242479757010141,-0.0013779277058690242,-0.0005069732471757492,0.002197114306978957,-0.01280607492088351,0.001737238787610199,-0.00010080935433394938,0.00011602305987274574,0.0038115775557573998,1.0062424797570102,-0.0013779277058690242,-0.0005069732471757492,0.002197114306978957,0.9871939250791165,0.001737238787610199,-0.00010080935433394938,0.00011602305987274574,1.0038115775557575,1.0125287655413409,0.000782436808664751,-0.0006075147022200316,0.000782436808664751,0.9745537578592253,0.0018321554407877228,-0.0006075147022200316,0.0018321554407877228,1.007640958255457,0.9744351844641853,1.0126113639645455,1.0076769332272937
43,0.0,38.23232323232323,0.0,28.232323232323232,-0.00389390385141526,0.20258490806903132,-0.002476872745068414,0.2026374653491728,328.2499999999979,0.006242479757010141,-0.0013779277058690242,-0.0005069732471757492,0.002197114306978957,-0.01280607492088351,0.001737238787610199,-0.00010080935433394938,0.00011602305987274574,0.0038115775557573998,1.0062424797570102,-0.0013779277058690242,-0.0005069732471757492,0.002197114306978957,0.9871939250791165,0.001737238787610199,-0.00010080935433394938,0.00011602305987274574,1.0038115775557575,1.0125287655413409,0.000782436808664751,-0.0006075147022200316,0.000782436808664751,0.9745537578592253,0.0018321554407877228,-0.0006075147022200316,0.0018321554407877228,1.007640958255457,0.9744351844641853,1.0126113639645455,1.0076769332272937
44,0.0,38.888888888888886,0.0,28.888888888888886,-0.003855095649605931,0.19512716225798332,-0.00243990467975047,0.19518049172027216,328.2499999999978,0.00471831024098679,0.002245839920424068,-0.0008308383269802796,0.0006620003205256098,-0.009156286424067676,0.0014110481582181912,-3.7470539518113506e-05,-3.4567241405713585e-05,0.0038250361836195896,1.004718310240987,0.002245839920424068,-0.0008308383269802796,0.0006620003205256098,0.9908437135759324,0.0014110481582181912,-3.7470539518113506e-05,-3.4567241405713585e-05,1.0038250361836196,1.0094593225819697,0.00291237664115146,-0.0008714382313216476,0.00291237664115146,0.9817763097247867,0.0013615628048863832,-0.0008714382313216476,0.0013615628048863832,1.0076673846182758,0.9813937649547199,1.0099959789015822,1.00751327306873
45,0.0,39.54545454545455,0.0,29.545454545454547,-0.002380554287711333,0.1891154590502621,-0.0024626003432996757,0.1891464731126619,328.25000000000017,0.00471831024098679,0.002245839920424068,-0.0008308383269802796,0.0006620003205256098,-0.009156286424067676,0.0014110481582181912,-3.7470539518113506e-05,-3.4567241405713585e-05,0.0038250361836195896,1.004718310240987,0.002245839920424068,-0.0008308383269802796,0.0006620003205256098,0.9908437135759324,0.0014110481582181912,-3.7470539518113506e-05,-3.4567241405713585e-05,1.0038250361836196,1.0094593225819697,0.00291237664115146,-0.0008714382313216476,0.00291237664115146,0.9817763097247867,0.0013615628048863832,-0.0008714382313216476,0.0013615628048863832,1.0076673846182758,0.9813937649547199,1.0099959789015822,1.00751327306873
46,0.0,40.2020202020202,0.0,30.2020202020202,-0.0008262044335094502,0.1826556582014207,-0.002503450365363037,0.18267468174460308,328.2500000000025,0.004876841861248276,0.0024858140243036574,-0.00015781590725153646,-0.00022810100864875714,-0.010503659701892846,-0.002367744674256555,-7.35323643546927e-05,-8.915511532731285e-05,0.0036719410687692114,1.0048768418612484,0.0024858140243036574,-0.00015781590725153646,-0.00022810100864875714,0.9894963402981072,-0.002367744674256555,-7.35323643546927e-05,-8.915511532731285e-05,1.0036719410687691,1.0097775247461152,0.0022722383887068317,-0.0002318478363892214,0.0022722383887068317,0.9791091946833456,-0.0024327494785894733,-0.0002318478363892214,-0.0024327494785894733,1.0073629964094537,0.9787389550108309,1.0100132015706629,1.0074975592574198
47,0.0,40.858585858585855,0.0,30.858585858585855,0.0008058956834575927,0.17575931597290528,-0.0025619865521941025,0.17577983500450156,328.2500000000049,0.004876841861248276,0.0024858140243036574,-0.00015781590725153646,-0.00022810100864875714,-0.010503659701892846,-0.002367744674256555,-7.35323643546927e-05,-8.915511532731285e-05,0.0036719410687692114,1.0048768418612484,0.0024858140243036574,-0.00015781590725153646,-0.00022810100864875714,0.9894963402981072,-0.002367744674256555,-7.35323643546927e-05,-8.915511532731285e-05,1.0036719410687691,1.0097775247461152,0.0022722383887068317,-0.0002318478363892214,0.0022722383887068317,0.9791091946833456,-0.0024327494785894733,-0.0002318478363892214,-0.0024327494785894733,1.0073629964094537,0.9787389550108309,1.0100132015706629,1.0074975592574198
48,0.0,41.515151515151516,0.0,31.515151515151516,0.0005606239633155646,0.16985860877163844,-0.002422752476308407,0.16987681125635196,328.25000000000483,0.004028390019313865,-0.0006822401596433061,-0.0001579743258983391,0.00019258779263446385,-0.009449328383342049,-0.0013801041196569125,1.5920183437946633e-05,0.00024614274228590996,0.0036694933107237577,1.0040283900193139,-0.0006822401596433061,-0.0001579743258983391,0.00019258779263446385,0.990550671616658,-0.0013801041196569125,1.5920183437946633e-05,0.00024614274228590996,1.0036694933107237,1.0080730453082856,-0.0004942166031163415,-0.0001428978968575286,-0.0004942166031163415,0.9811911590780973,-0.0011199093247655396,-0.0001428978968575286,-0.0011199093247655396,1.0073543814458736,0.981134033743962,1.0081034255116825,1.0073811265766126
49,0.0,42.17171717171717,0.0,32.17171717171717,0.00011268850496390175,0.16365450427752498,-0.0022611436051105877,0.16367016294799894,328.2500000000045,0.004028390019313865,-0.0006822401596433061,-0.0001579743258983391,0.00019258779263446385,-0.009449328383342049,-0.0013801041196569125,1.5920183437946633e-05,0.00024614274228590996,0.0036694933107237577,1.0040283900193139,-0.0006822401596433061,-0.0001579743258983391,0.00019258779263446385,0.990550671616658,-0.0013801041196569125,1.5920183437946633e-05,0.00024614274228590996,1.0036694933107237,1.0080730453082856,-0.0004942166031163415,-0.0001428978968575286,-0.0004942166031163415,0.9811911590780973,-0.0011199093247655396,-0.0001428978968575286,-0.0011199093247655396,1.0073543814458736,0.981134033743962,1.0081034255116825,1.0073811265766126
50,0.0,42.82828282828283,0.0,32.82828282828283,-0.0003352469533877692,0.15745039978341147,-0.0020995347339127653,0.15746475424225817,328.25000000000426,0.004028390019313865,-0.0006822401596433061,-0.0001579743258983391,0.00019258779263446385,-0.009449328383342049,-0.0013801041196569125,1.5920183437946633e-05,0.00024614274228590996,0.0036694933107237577,1.0040283900193139,-0.0006822401596433061,-0.0001579743258983391,0.00019258779263446385,0.990550671616658,-0.0013801041196569125,1.5920183437946633e-05,0.00024614274228590996,1.0036694933107237,1.0080730453082856,-0.0004942166031163415,-0.0001428978968575286,-0.0004942166031163415,0.9811911590780973,-0.0011199093247655396,-0.0001428978968575286,-0.0011199093247655396,1.0073543814458736,0.981134033743962,1.0081034255116825,1.0073811265766126
51,0.0,43.484848484848484,0.0,33.484848484848484,-0.0004486936153378024,0.1514647754332312,-0.0019830568913693208,0.1514784210296437,328.25000000000335,0.0030066352716554283,0.00021895793142040127,0.0005848716404342701,-0.0004747981608990821,-0.008860687176921914,-0.0008948947631987345,0.00015378083315294036,0.00012454824552367224,0.003569264534893288,1.0030066352716553,0.00021895793142040127,0.0005848716404342701,-0.0004747981608990821,0.9911393128230781,-0.0008948947631987345,0.00015378083315294036,0.00012454824552367224,1.0035692645348933,1.0060225594808057,-0.00025095571173019466,0.0007413847481524151,-0.00025095571173019466,0.9823572008782446,-0.0007618445272019258,0.0007413847481524151,-0.0007618445272019258,1.0071524116305797,1.0056559372887337,1.0075446178868637,0.9823316168140324
52,0.0,44.141414141414145,0.0,34.141414141414145,-0.00030493335733450754,0.14564715253929253,-0.0019012827907729701,0.14565988089864296,328.2500000000021,0.0030066352716554283,0.00021895793142040127,0.0005848716404342701,-0.0004747981608990821,-0.008860687176921914,-0.0008948947631987345,0.00015378083315294036,0.00012454824552367224,0.003569264534893288,1.0030066352716553,0.00021895793142040127,0.0005848716404342701,-0.0004747981608990821,0.9911393128230781,-0.0008948947631987345,0.00015378083315294036,0.00012454824552367224,1.0035692645348933,1.0060225594808057,-0.00025095571173019466,0.0007413847481524151,-0.00025095571173019466,0.9823572008782446,-0.0007618445272019258,0.0007413847481524151,-0.0007618445272019258,1.0071524116305797,1.0056559372887337,1.0075446178868637,0.9823316168140324
53,0.0,44.7979797979798,0.0,34.7979797979798,-0.0001611730993312157,0.13982952964535392,-0.0018195086901766203,0.13984146005202636,328.25000000000085,0.0030066352716554283,0.00021895793142040127,0.0005848716404342701,-0.0004747981608990821,-0.008860687176921914,-0.0008948947631987345,0.00015378083315294036,0.00012454824552367224,0.003569264534893288,1.0030066352716553,0.00021895793142040127,0.0005848716404342701,-0.0004747981608990821,0.9911393128230781,-0.0008948947631987345,0.00015378083315294036,0.00012454824552367224,1.0035692645348933,1.0060225594808057,-0.00025095571173019466,0.0007413847481524151,-0.00025095571173019466,0.9823572008782446,-0.0007618445272019258,0.0007413847481524151,-0.0007618445272019258,1.0071524116305797,1.0056559372887337,1.0075446178868637,0.9823316168140324
54,0.0,45.45454545454545,0.0,35.45454545454545,-1.7412841327920595e-05,0.1340119067514153,-0.0017377345895802695,0.13402317402546807,328.24999999999955,0.0030066352716554283,0.00021895793142040127,0.0005848716404342701,-0.0004747981608990821,-0.008860687176921914,-0.0008948947631987345,0.00015378083315294036,0.00012454824552367224,0.003569264534893288,1.0030066352716553,0.00021895793142040127,0.0005848716404342701,-0.0004747981608990821,0.9911393128230781,-0.0008948947631987345,0.00015378083315294036,0.00012454824552367224,1.0035692645348933,1.0060225594808057,-0.00025095571173019466,0.0007413847481524151,-0.00025095571173019466,0.9823572008782446,-0.0007618445272019258,0.0007413847481524151,-0.0007618445272019258,1.0071524116305797,1.0056559372887337,1.0075446178868637,0.9823316168140324
55,0.0,46.111111111111114,0.0,36.111111111111114,0.00012634741667537255,0.12819428385747664,-0.0016559604889839178,0.12820504117444864,328.2499999999983,0.0030066352716554283,0.00021895793142040127,0.0005848716404342701,-0.0004747981608990821,-0.008860687176921914,-0.0008948947631987345,0.00015378083315294036,0.00012454824552367224,0.003569264534893288,1.0030066352716553,0.00021895793142040127,0.0005848716404342701,-0.0004747981608990821,0.9911393128230781,-0.0008948947631987345,0.00015378083315294036,0.00012454824552367224,1.0035692645348933,1.0060225594808057,-0.00025095571173019466,0.0007413847481524151,-0.00025095571173019466,0.9823572008782446,-0.0007618445272019258,0.0007413847481524151,-0.0007618445272019258,1.0071524116305797,1.0056559372887337,1.0075446178868637,0.9823316168140324
56,0.0,46.76767676767677,0.0,36.76767676767677,0.0002701076746786644,0.12237666096353804,-0.0015741863883875682,0.12238708334430574,328.24999999999704,0.0030066352716554283,0.00021895793142040127,0.0005848716404342701,-0.0004747981608990821,-0.008860687176921914,-0.0008948947631987345,0.00015378083315294036,0.00012454824552367224,0.003569264534893288,1.0030066352716553,0.00021895793142040127,0.0005848716404342701,-0.0004747981608990821,0.9911393128230781,-0.0008948947631987345,0.00015378083315294036,0.00012454824552367224,1.0035692645348933,1.0060225594808057,-0.00025095571173019466,0.0007413847481524151,-0.00025095571173019466,0.9823572008782446,-0.0007618445272019258,0.0007413847481524151,-0.0007618445272019258,1.0071524116305797,1.0056559372887337,1.0075446178868637,0.9823316168140324
57,0.0,47.42424242424242,0.0,37.42424242424242,-9.412000375820376e-05,0.11704945255733674,-0.001968776889591539,0.11706604667873739,328.25000000000136,0.0026088325759144253,-0.0006200007412540065,-8.440695442042899e-05,-9.075714091052328e-05,-0.00805075162889361,-0.0002487693422894403,-0.00021925779465328604,-0.0006621834568787547,0.002941649962851206,1.0026088325759144,-0.0006200007412540065,-8.440695442042899e-05,-9.075714091052328e-05,0.9919492483711064,-0.0002487693422894403,-0.00021925779465328604,-0.0006621834568787547,1.0029416499628512,1.005224527470077,-0.000711499508210974,-0.0003045073547752851,-0.000711499508210974,0.9839641342318527,-0.0009108455985475599,-0.0003045073547752851,-0.0009108455985475599,1.0058920222409258,0.9839018110708214,1.0051521092527196,1.0060267636193136
58,0.0,48.08080808080808,0.0,38.08080808080808,-0.000397317560010908,0.11215886051347074,-0.0022737644207930733,0.1121826094257258,328.24999999999744,0.0025910919687396655,-0.00012807150162300052,-0.00011142241426622865,-0.0001582628487606123,-0.006178886071738679,-0.000351567274841663,-0.0002414228515710626,-4.7568664468881673e-05,0.0029078969351648697,1.0025910919687397,-0.00012807150162300052,-0.00011142241426622865,-0.0001582628487606123,0.9938211139282613,-0.000351567274841663,-0.0002414228515710626,-4.7568664468881673e-05,1.0029078969351648,1.0051889810271926,-0.0002856768231483905,-0.00035378036429174883,-0.0002856768231483905,0.9876804251546976,-0.00039708769991045583,-0.00035378036429174883,-0.00039708769991045583,1.0058243857494185,1.0050414398604515,1.0059855260591635,0.9876668260116933
59,0.0,48.73737373737374,0.0,38.73737373737374,-0.0004814049095613625,0.10810201612293524,-0.0023049963722120348,0.10812765903692825,328.24999999999875,0.0025910919687396655,-0.00012807150162300052,-0.00011142241426622865,-0.0001582628487606123,-0.006178886071738679,-0.000351567274841663,-0.0002414228515710626,-4.7568664468881673e-05,0.0029078969351648697,1.0025910919687397,-0.00012807150162300052,-0.00011142241426622865,-0.0001582628487606123,0.9938211139282613,-0.000351567274841663,-0.0002414228515710626,-4.7568664468881673e-05,1.0029078969351648,1.0051889810271926,-0.0002856768231483905,-0.00035378036429174883,-0.0002856768231483905,0.9876804251546976,-0.00039708769991045583,-0.00035378036429174883,-0.00039708769991045583,1.0058243857494185,1.0050414398604515,1.0059855260591635,0.9876668260116933
60,0.0,49.39393939393939,0.0,39.39393939393939,-0.0005654922591118174,0.10404517173239976,-0.0023362283236309962,0.10407293358553803,328.2500000000001,0.0025910919687396655,-0.00012807150162300052,-0.00011142241426622865,-0.0001582628487606123,-0.006178886071738679,-0.000351567274841663,-0.0002414228515710626,-4.7568664468881673e-05,0.0029078969351648697,1.0025910919687397,-0.00012807150162300052,-0.00011142241426622865,-0.0001582628487606123,0.9938211139282613,-0.000351567274841663,-0.0002414228515710626,-4.7568664468881673e-05,1.0029078969351648,1.0051889810271926,-0.0002856768231483905,-0.00035378036429174883,-0.0002856768231483905,0.9876804251546976,-0.00039708769991045583,-0.00035378036429174883,-0.00039708769991045583,1.0058243857494185,1.0050414398604515,1.0059855260591635,0.9876668260116933
61,0.0,50.05050505050505,0.0,40.05050505050505,-0.0007922795908327714,0.09965009359404743,-0.0021454772250643333,0.0996763358715384,328.2500000000005,0.0027648077682589636,-0.0003500102187102608,0.00017769629304594816,0.00025348594778939234,-0.006704934939610252,0.0003337145482584714,-0.0005116538804853537,0.0002976775827945723,0.0024581459857893075,1.002764807768259,-0.0003500102187102608,0.00017769629304594816,0.00025348594778939234,0.9932950650603898,0.0003337145482584714,-0.0005116538804853537,0.0002976775827945723,1.0024581459857893,1.0055375857433324,-9.93438965709322e-05,-0.00033463941933187355,-9.93438965709322e-05,0.9866352973924205,0.0006298241361553821,-0.00033463941933187355,0.0006298241361553821,1.0049224773946384,1.0056908561285247,1.0047912802561407,0.9866132241457263
62,0.0,50.707070707070706,0.0,40.707070707070706,-0.001022084279884962,0.09524786358319225,-0.0019500323474719388,0.09527330580804769,328.2500000000009,0.0027648077682589636,-0.0003500102187102608,0.00017769629304594816,0.00025348594778939234,-0.006704934939610252,0.0003337145482584714,-0.0005116538804853537,0.0002976775827945723,0.0024581459857893075,1.002764807768259,-0.0003500102187102608,0.00017769629304594816,0.00025348594778939234,0.9932950650603898,0.0003337145482584714,-0.0005116538804853537,0.0002976775827945723,1.0024581459857893,1.0055375857433324,-9.93438965709322e-05,-0.00033463941933187355,-9.93438965709322e-05,0.9866352973924205,0.0006298241361553821,-0.00033463941933187355,0.0006298241361553821,1.0049224773946384,1.0056908561285247,1.0047912802561407,0.9866132241457263
63,0.0,51.36363636363637,0.0,41.36363636363637,-0.001251888968937155,0.09084563357233702,-0.001754587469879542,0.09087119974083831,328.25000000000136,0.0027648077682589636,-0.0003500102187102608,0.00017769629304594816,0.00025348594778939234,-0.006704934939610252,0.0003337145482584714,-0.0005116538804853537,0.0002976775827945723,0.0024581459857893075,1.002764807768259,-0.0003500102187102608,0.00017769629304594816,0.00025348594778939234,0.9932950650603898,0.0003337145482584714,-0.0005116538804853537,0.0002976775827945723,1.0024581459857893,1.0055375857433324,-9.93438965709322e-05,-0.00033463941933187355,-9.93438965709322e-05,0.9866352973924205,0.0006298241361553821,-0.00033463941933187355,0.0006298241361553821,1.0049224773946384,1.0056908561285247,1.0047912802561407,0.9866132241457263
64,0.0,52.02020202020202,0.0,42.02020202020202,-0.001188020537541616,0.08661296554413234,-0.0016849777440620332,0.08663749963580818,328.2500000000019,0.0019672678619080267,0.0003582212465683364,2.3575854870427672e-05,-0.00020700034921197286,-0.006296013853318567,0.00024472796676891213,-0.0001699182970271375,-5.790483296091824e-06,0.0025241846096165778,1.001967267861908,0.0003582212465683364,2.3575854870427672e-05,-0.00020700034921197286,0.9937039861466814,0.00024472796676891213,-0.0001699182970271375,-5.790483296091824e-06,1.0025241846096167,1.003938477588029,0.0001532298754775311,-0.0001467756260599375,0.0001532298754775311,0.9874477404397953,0.00023739050192705114,-0.0001467756260599375,0.00023739050192705114,1.0050548011747755,0.9874430801326513,1.0039215165734714,1.0050764224964777
65,0.0,52.676767676767675,0.0,42.676767676767675,-0.0009528247695927088,0.08247921907478177,-0.0016887795765291621,0.0825020086463687,328.25000000000256,0.0019672678619080267,0.0003582212465683364,2.3575854870427672e-05,-0.00020700034921197286,-0.006296013853318567,0.00024472796676891213,-0.0001699182970271375,-5.790483296091824e-06,0.0025241846096165778,1.001967267861908,0.0003582212465683364,2.3575854870427672e-05,-0.00020700034921197286,0.9937039861466814,0.00024472796676891213,-0.0001699182970271375,-5.790483296091824e-06,1.0025241846096167,1.003938477588029,0.0001532298754775311,-0.0001467756260599375,0.0001532298754775311,0.9874477404397953,0.00023739050192705114,-0.0001467756260599375,0.00023739050192705114,1.0050548011747755,0.9874430801326513,1.0039215165734714,1.0050764224964777
66,0.0,53.333333333333336,0.0,43.333333333333336,-0.000717629001643799,0.07834547260543118,-0.0016925814089962929,0.0783670396338821,328.25000000000324,0.0019672678619080267,0.0003582212465683364,2.3575854870427672e-05,-0.00020700034921197286,-0.006296013853318567,0.00024472796676891213,-0.0001699182970271375,-5.790483296091824e-06,0.0025241846096165778,1.001967267861908,0.0003582212465683364,2.3575854870427672e-05,-0.00020700034921197286,0.9937039861466814,0.00024472796676891213,-0.0001699182970271375,-5.790483296091824e-06,1.0025241846096167,1.003938477588029,0.0001532298754775311,-0.0001467756260599375,0.0001532298754775311,0.9874477404397953,0.00023739050192705114,-0.0001467756260599375,0.00023739050192705114,1.0050548011747755,0.9874430801326513,1.0039215165734714,1.0050764224964777
67,0.0,53.98989898989899,0.0,43.98989898989899,-0.00048772224139628746,0.0745280746331911,-0.0016296758753693765,0.07454748570524707,328.2500000000036,0.0019633969876915905,0.0003361040376316445,2.6664057648142425e-05,2.4526112840616925e-05,-0.004973129448072998,6.001499929780157e-05,-0.00012109707421220813,0.0002731617959998233,0.002485234794283307,1.0019633969876915,0.0003361040376316445,2.6664057648142425e-05,2.4526112840616925e-05,0.995026870551927,6.001499929780157e-05,-0.00012109707421220813,0.0002731617959998233,1.0024852347942832,1.003930664169146,0.00036113500549900176,-9.468014716127287e-05,0.00036113500549900176,0.9900786607036521,0.0003335661660346137,-9.468014716127287e-05,0.0003335661660346137,1.0049766502933213,0.9900616860311112,1.0039330472332606,1.0049912419017475
68,0.0,54.64646464646465,0.0,44.64646464646465,-0.0002670478732542976,0.07126288863193105,-0.0014503272214300988,0.07127814573754593,328.250000000003,0.0019633969876915905,0.0003361040376316445,2.6664057648142425e-05,2.4526112840616925e-05,-0.004973129448072998,6.001499929780157e-05,-0.00012109707421220813,0.0002731617959998233,0.002485234794283307,1.0019633969876915,0.0003361040376316445,2.6664057648142425e-05,2.4526112840616925e-05,0.995026870551927,6.001499929780157e-05,-0.00012109707421220813,0.0002731617959998233,1.0024852347942832,1.003930664169146,0.00036113500549900176,-9.468014716127287e-05,0.00036113500549900176,0.9900786607036521,0.0003335661660346137,-9.468014716127287e-05,0.0003335661660346137,1.0049766502933213,0.9900616860311112,1.0039330472332606,1.0049912419017475
69,0.0,55.303030303030305,0.0,45.303030303030305,-4.637350511230945e-05,0.06799770263067101,-0.0012709785674908203,0.06800959564701263,328.25000000000244,0.0019633969876915905,0.0003361040376316445,2.6664057648142425e-05,2.4526112840616925e-05,-0.004973129448072998,6.001499929780157e-05,-0.00012109707421220813,0.0002731617959998233,0.002485234794283307,1.0019633969876915,0.0003361040376316445,2.6664057648142425e-05,2.4526112840616925e-05,0.995026870551927,6.001499929780157e-05,-0.00012109707421220813,0.0002731617959998233,1.0024852347942832,1.003930664169146,0.00036113500549900176,-9.468014716127287e-05,0.00036113500549900176,0.9900786607036521,0.0003335661660346137,-9.468014716127287e-05,0.0003335661660346137,1.0049766502933213,0.9900616860311112,1.0039330472332606,1.0049912419017475
70,0.0,55.95959595959596,0.0,45.95959595959596,7.163087853411079e-05,0.06472969609216575,-0.001099767648082616,0.06473907765829434,328.2500000000017,0.001427996814798837,-5.847246661667363e-05,5.380750184508711e-05,9.817664834461612e-06,-0.004983969205493752,6.076068067388661e-05,-0.0001635334736749855,0.00024188723353108456,0.002487386213164093,1.0014279968147988,-5.847246661667363e-05,5.380750184508711e-05,9.817664834461612e-06,0.9950160307945063,6.076068067388661e-05,-0.0001635334736749855,0.00024188723353108456,1.002487386213164,1.0028580596440841,-4.8826787877035846e-05,-0.00011005530926846331,-4.8826787877035846e-05,0.9900569634665171,0.00030294360555605795,-0.00011005530926846331,0.00030294360555605795,1.004980966103609,1.0028524548637339,1.0049928872804315,0.9900506470700449
71,0.0,56.61616161616162,0.0,46.61616161616162,3.323986509892141e-05,0.06145739307845771,-0.0009409527977844273,0.06146460494509302,328.2500000000007,0.001427996814798837,-5.847246661667363e-05,5.380750184508711e-05,9.817664834461612e-06,-0.004983969205493752,6.076068067388661e-05,-0.0001635334736749855,0.00024188723353108456,0.002487386213164093,1.0014279968147988,-5.847246661667363e-05,5.380750184508711e-05,9.817664834461612e-06,0.9950160307945063,6.076068067388661e-05,-0.0001635334736749855,0.00024188723353108456,1.002487386213164,1.0028580596440841,-4.8826787877035846e-05,-0.00011005530926846331,-4.8826787877035846e-05,0.9900569634665171,0.00030294360555605795,-0.00011005530926846331,0.00030294360555605795,1.004980966103609,1.0028524548637339,1.0049928872804315,0.9900506470700449
72,0.0,57.27272727272727,0.0,47.27272727272727,-5.151148336268892e-06,0.0581850900647497,-0.0007821379474862422,0.0581903468983152,328.2499999999997,0.001427996814798837,-5.847246661667363e-05,5.380750184508711e-05,9.817664834461612e-06,-0.004983969205493752,6.076068067388661e-05,-0.0001635334736749855,0.00024188723353108456,0.002487386213164093,1.0014279968147988,-5.847246661667363e-05,5.380750184508711e-05,9.817664834461612e-06,0.9950160307945063,6.076068067388661e-05,-0.0001635334736749855,0.00024188723353108456,1.002487386213164,1.0028580596440841,-4.8826787877035846e-05,-0.00011005530926846331,-4.8826787877035846e-05,0.9900569634665171,0.00030294360555605795,-0.00011005530926846331,0.00030294360555605795,1.004980966103609,1.0028524548637339,1.0049928872804315,0.9900506470700449
73,0.0,57.92929292929293,0.0,47.92929292929293,-9.508071340836059e-05,0.055045261263897124,-0.0008176414277900638,0.05505141565352515,328.24999999999847,0.0014329081243400375,-0.0001518019663108334,-8.127564221560167e-05,-2.8063194432350475e-06,-0.004744075929189188,0.0004079771353686281,-0.00014501612227870743,-0.00010999755951196157,0.0019780756056159195,1.00143290812434,-0.0001518019663108334,-8.127564221560167e-05,-2.8063194432350475e-06,0.9952559240708108,0.0004079771353686281,-0.00014501612227870743,-0.00010999755951196157,1.001978075605616,1.0028678905119242,-0.00015479653921282523,-0.00022669622279041874,-0.00015479653921282523,0.9905343895413434,0.00029583885566225826,-0.00022669622279041874,0.00029583885566225826,1.0039602370454066,1.0028234262618498,1.004013034947131,0.9905260558896928
74,0.0,58.58585858585859,0.0,48.58585858585859,-0.00019474867108719147,0.05193046393665167,-0.0008898620476716551,0.05193845267414746,328.2499999999974,0.0014329081243400375,-0.0001518019663108334,-8.127564221560167e-05,-2.8063194432350475e-06,-0.004744075929189188,0.0004079771353686281,-0.00014501612227870743,-0.00010999755951196157,0.0019780756056159195,1.00143290812434,-0.0001518019663108334,-8.127564221560167e-05,-2.8063194432350475e-06,0.9952559240708108,0.0004079771353686281,-0.00014501612227870743,-0.00010999755951196157,1.001978075605616,1.0028678905119242,-0.00015479653921282523,-0.00022669622279041874,-0.00015479653921282523,0.9905343895413434,0.00029583885566225826,-0.00022669622279041874,0.00029583885566225826,1.0039602370454066,1.0028234262618498,1.004013034947131,0.9905260558896928
75,0.0,59.24242424242424,0.0,49.24242424242424,-0.0003059390989464529,0.048844824071686485,-0.0009284514730087494,0.0488546053045565,328.25000000000057,0.0014171880808196346,-0.0001922747065770689,-3.308622403375058e-05,3.6973048071959214e-05,-0.004641660181592306,0.0002860344337653333,-9.913326611992693e-05,8.13219741760277e-06,0.0018374228052630782,1.0014171880808196,-0.0001922747065770689,-3.308622403375058e-05,3.6973048071959214e-05,0.9953583398184077,0.0002860344337653333,-9.913326611992693e-05,8.13219741760277e-06,1.0018374228052631,1.0028363957781063,-0.00015574657042383226,-0.0001324379537150766,-0.00015574657042383226,0.9907382616817522,0.00029286026047017303,-0.0001324379537150766,0.00029286026047017303,1.003678304643487,0.9907297105259717,1.0028170371536387,1.0037062144237348
76,0.0,59.898989898989896,0.0,49.898989898989896,-0.0004240291412344955,0.04580263353862819,-0.0009191363395765321,0.04581381725415613,328.2499999999969,0.0012729130708677607,0.00015510396376502796,-0.00013250572120361855,-5.7974455943160096e-05,-0.004413049989792108,0.00022060638000975888,-0.00016950689644792673,0.0001775745571072087,0.0017889285376587176,1.0012729130708677,0.00015510396376502796,-0.00013250572120361855,-5.7974455943160096e-05,0.9955869500102079,0.00022060638000975888,-0.00016950689644792673,0.0001775745571072087,1.0017889285376587,1.0025474785430468,9.755268574483256e-05,-0.00030249731117527445,9.755268574483256e-05,0.9911934306205911,0.0003975045061641084,-0.00030249731117527445,0.0003975045061641084,1.0035811235655712,1.0024689106278128,1.0036734452091476,0.9911796768922477
77,0.0,60.55555555555556,0.0,50.55555555555556,-0.0003221932054291739,0.04290517647462326,-0.000802546983900081,0.04291389120601343,328.24999999999835,0.0012729130708677607,0.00015510396376502796,-0.00013250572120361855,-5.7974455943160096e-05,-0.004413049989792108,0.00022060638000975888,-0.00016950689644792673,0.0001775745571072087,0.0017889285376587176,1.0012729130708677,0.00015510396376502796,-0.00013250572120361855,-5.7974455943160096e-05,0.9955869500102079,0.00022060638000975888,-0.00016950689644792673,0.0001775745571072087,1.0017889285376587,1.0025474785430468,9.755268574483256e-05,-0.00030249731117527445,9.755268574483256e-05,0.9911934306205911,0.0003975045061641084,-0.00030249731117527445,0.0003975045061641084,1.0035811235655712,1.0024689106278128,1.0036734452091476,0.9911796768922477
78,0.0,61.21212121212121,0.0,51.21212121212121,-0.00022035726962385256,0.04000771941061835,-0.0006859576282236312,0.04001420632266449,328.2499999999999,0.0012729130708677607,0.00015510396376502796,-0.00013250572120361855,-5.7974455943160096e-05,-0.004413049989792108,0.00022060638000975888,-0.00016950689644792673,0.0001775745571072087,0.0017889285376587176,1.0012729130708677,0.00015510396376502796,-0.00013250572120361855,-5.7974455943160096e-05,0.9955869500102079,0.00022060638000975888,-0.00016950689644792673,0.0001775745571072087,1.0017889285376587,1.0025474785430468,9.755268574483256e-05,-0.00030249731117527445,9.755268574483256e-05,0.9911934306205911,0.0003975045061641084,-0.00030249731117527445,0.0003975045061641084,1.0035811235655712,1.0024689106278128,1.0036734452091476,0.9911796768922477
79,0.0,61.86868686868687,0.0,51.86868686868687,-0.00015402448817508486,0.03715068969719906,-0.000563438737080018,0.0371552813437198,328.25000000000136,0.0010375545430510269,-0.0002960870189707217,-0.0001527866519880311,0.00021002769456481894,-0.003899279977782406,0.00024370022375082108,-0.0001301986500827649,0.00025292991589381103,0.0017923157436851307,1.001037554543051,-0.0002960870189707217,-0.0001527866519880311,0.00021002769456481894,0.9961007200222176,0.00024370022375082108,-0.0001301986500827649,0.00025292991589381103,1.0017923157436852,1.0020762466688529,-8.721841875538558e-05,-0.0002833259998498743,-8.721841875538558e-05,0.9922167960698455,0.0004961784526562106,-0.0002833259998498743,0.0004961784526562106,1.0035879266166554,1.002024889934263,1.0036614597365863,0.9921946196845025
80,0.0,62.525252525252526,0.0,52.525252525252526,-0.00020594713902793803,0.034934182369299016,-0.0006466417860662974,0.034940773569499047,328.25000000000097,0.000927654174873418,-6.646844401078467e-05,6.467927869312326e-06,-5.502827805602085e-05,-0.0033454895244195977,0.0006277879047874682,6.207438062711323e-05,-0.00014879266290120183,0.0015136964703255135,1.0009276541748735,-6.646844401078467e-05,6.467927869312326e-06,-5.502827805602085e-05,0.9966545104755804,0.0006277879047874682,6.207438062711323e-05,-0.00014879266290120183,1.0015136964703255,1.001856175773355,-0.00012138352148099765,6.860772418018435e-05,-0.00012138352148099765,0.9933202398086294,0.0004766693271854972,6.860772418018435e-05,0.0004766693271854972,1.0030300783771429,0.993295082209236,1.0018547218189122,1.0030566899309785
81,0.0,63.18181818181818,0.0,53.18181818181818,-0.0002529101445165536,0.03271111640732141,-0.0007420282779027826,0.03272050895263915,328.2500000000009,0.0009852516034453338,-7.392353680666654e-05,-3.373754236671043e-05,0.00040498088530598313,-0.0034050305679149302,0.00030668182098450374,2.209972478996311e-05,-0.00014361856440169515,0.001541600490961592,1.0009852516034454,-7.392353680666654e-05,-3.373754236671043e-05,0.00040498088530598313,0.996594969432085,0.00030668182098450374,2.209972478996311e-05,-0.00014361856440169515,1.0015416004909616,1.0019716384255282,0.0003296023689915093,-1.1512788322504545e-05,0.0003296023689915093,0.9932015591883198,0.00016180008715679462,-1.1512788322504545e-05,0.00016180008715679462,1.003085672705958,0.9931865343167416,1.001983981535478,1.0030883544675868
82,0.0,63.83838383838384,0.0,53.83838383838384,-0.00030144579999567844,0.0304754902768722,-0.0008363232949341986,0.030488453779090152,328.2500000000006,0.0009852516034453338,-7.392353680666654e-05,-3.373754236671043e-05,0.00040498088530598313,-0.0034050305679149302,0.00030668182098450374,2.209972478996311e-05,-0.00014361856440169515,0.001541600490961592,1.0009852516034454,-7.392353680666654e-05,-3.373754236671043e-05,0.00040498088530598313,0.996594969432085,0.00030668182098450374,2.209972478996311e-05,-0.00014361856440169515,1.0015416004909616,1.0019716384255282,0.0003296023689915093,-1.1512788322504545e-05,0.0003296023689915093,0.9932015591883198,0.00016180008715679462,-1.1512788322504545e-05,0.00016180008715679462,1.003085672705958,0.9931865343167416,1.001983981535478,1.0030883544675868
83,0.0,64.4949494949495,0.0,54.494949494949495,-0.0003499814554748026,0.02823986414642301,-0.000930618311965614,0.02825736124393376,328.2500000000003,0.0009852516034453338,-7.392353680666654e-05,-3.373754236671043e-05,0.00040498088530598313,-0.0034050305679149302,0.00030668182098450374,2.209972478996311e-05,-0.00014361856440169515,0.001541600490961592,1.0009852516034454,-7.392353680666654e-05,-3.373754236671043e-05,0.00040498088530598313,0.996594969432085,0.00030668182098450374,2.209972478996311e-05,-0.00014361856440169515,1.0015416004909616,1.0019716384255282,0.0003296023689915093,-1.1512788322504545e-05,0.0003296023689915093,0.9932015591883198,0.00016180008715679462,-1.1512788322504545e-05,0.00016180008715679462,1.003085672705958,0.9931865343167416,1.001983981535478,1.0030883544675868
84,0.0,65.15151515151516,0.0,55.151515151515156,-0.0003985171109539272,0.026004238015973798,-0.0010249133289970305,0.02602747890232736,328.25,0.0009852516034453338,-7.392353680666654e-05,-3.373754236671043e-05,0.00040498088530598313,-0.0034050305679149302,0.00030668182098450374,2.209972478996311e-05,-0.00014361856440169515,0.001541600490961592,1.0009852516034454,-7.392353680666654e-05,-3.373754236671043e-05,0.00040498088530598313,0.996594969432085,0.00030668182098450374,2.209972478996311e-05,-0.00014361856440169515,1.0015416004909616,1.0019716384255282,0.0003296023689915093,-1.1512788322504545e-05,0.0003296023689915093,0.9932015591883198,0.00016180008715679462,-1.1512788322504545e-05,0.00016180008715679462,1.003085672705958,0.9931865343167416,1.001983981535478,1.0030883544675868
85,0.0,65.8080808080808,0.0,55.8080808080808,-0.000447052766433051,0.023768611885524635,-0.001119208346028445,0.023799146927200945,328.2499999999996,0.0009852516034453338,-7.392353680666654e-05,-3.373754236671043e-05,0.00040498088530598313,-0.0034050305679149302,0.00030668182098450374,2.209972478996311e-05,-0.00014361856440169515,0.001541600490961592,1.0009852516034454,-7.392353680666654e-05,-3.373754236671043e-05,0.00040498088530598313,0.996594969432085,0.00030668182098450374,2.209972478996311e-05,-0.00014361856440169515,1.0015416004909616,1.0019716384255282,0.0003296023689915093,-1.1512788322504545e-05,0.0003296023689915093,0.9932015591883198,0.00016180008715679462,-1.1512788322504545e-05,0.00016180008715679462,1.003085672705958,0.9931865343167416,1.001983981535478,1.0030883544675868
86,0.0,66.46464646464646,0.0,56.464646464646464,-0.0004955884219121756,0.02153298575507542,-0.0012135033630598611,0.021572845751647418,328.24999999999926,0.0009852516034453338,-7.392353680666654e-05,-3.373754236671043e-05,0.00040498088530598313,-0.0034050305679149302,0.00030668182098450374,2.209972478996311e-05,-0.00014361856440169515,0.001541600490961592,1.0009852516034454,-7.392353680666654e-05,-3.373754236671043e-05,0.00040498088530598313,0.996594969432085,0.00030668182098450374,2.209972478996311e-05,-0.00014361856440169515,1.0015416004909616,1.0019716384255282,0.0003296023689915093,-1.1512788322504545e-05,0.0003296023689915093,0.9932015591883198,0.00016180008715679462,-1.1512788322504545e-05,0.00016180008715679462,1.003085672705958,0.9931865343167416,1.001983981535478,1.0030883544675868
87,0.0,67.12121212121212,0.0,57.121212121212125,-0.0005441240773913006,0.019297359624626212,-0.0013077983800912779,0.019349276371397463,328.24999999999903,0.0009852516034453338,-7.392353680666654e-05,-3.373754236671043e-05,0.00040498088530598313,-0.0034050305679149302,0.00030668182098450374,2.209972478996311e-05,-0.00014361856440169515,0.001541600490961592,1.0009852516034454,-7.392353680666654e-05,-3.373754236671043e-05,0.00040498088530598313,0.996594969432085,0.00030668182098450374,2.209972478996311e-05,-0.00014361856440169515,1.0015416004909616,1.0019716384255282,0.0003296023689915093,-1.1512788322504545e-05,0.0003296023689915093,0.9932015591883198,0.00016180008715679462,-1.1512788322504545e-05,0.00016180008715679462,1.003085672705958,0.9931865343167416,1.001983981535478,1.0030883544675868
88,0.0,67.77777777777777,0.0,57.77777777777777,-0.00040834695011826626,0.01713830441681397,-0.0014624188568647322,0.017205432119768733,328.24999999999847,0.0005144630382914976,0.00025559117309241676,-7.911233291737937e-05,0.00020939643227744448,-0.003268136940773815,0.00028783131303251636,0.00017618853084087446,-0.00025146852504798043,0.0015564516318309078,1.0005144630382914,0.00025559117309241676,-7.911233291737937e-05,0.00020939643227744448,0.9967318630592262,0.00028783131303251636,0.00017618853084087446,-0.00025146852504798043,1.001556451631831,1.0010292656380648,0.0004643904554957578,9.736999732872001e-05,0.0004643904554957578,0.9934745354007829,3.501049682756144e-05,9.736999732872001e-05,3.501049682756144e-05,1.00311541491097,0.9934460093561762,1.001052921442054,1.0031202851515866
89,0.0,68.43434343434343,0.0,58.43434343434343,-0.0002537674262673848,0.015149780667776568,-0.0012861948706876347,0.015206398305770969,328.2499999999976,0.0005265368038827735,0.00023227556351908648,-5.724869685690857e-05,6.594520614357875e-05,-0.0029911187432555926,2.806435160621285e-05,-0.00013524320757329748,0.00034993629490770906,0.0009924991403822323,1.0005265368038827,0.00023227556351908648,-5.724869685690857e-05,6.594520614357875e-05,0.9970088812567444,2.806435160621285e-05,-0.00013524320757329748,0.00034993629490770906,1.0009924991403822,1.0010533734882667,0.0002980984948464071,-0.0001926544260338826,0.0002980984948464071,0.9940268857121728,0.0003782507167043765,-0.0001926544260338826,0.0003782507167043765,1.0019859874003294,0.993995598260785,1.001033996340095,1.0020366519998893
90,0.0,69.0909090909091,0.0,59.09090909090909,-0.0001220658838322186,0.01342200942598718,-0.0012490896116965368,0.013480558666810982,328.2499999999977,0.0005267269220592323,0.0001794840318436615,-8.300341130426127e-05,6.378750270845965e-05,-0.0023919731414883422,0.0003203616840794458,-0.0001334825425825879,-0.00013896068147895057,0.0007539873635611393,1.0005267269220592,0.0001794840318436615,-8.300341130426127e-05,6.378750270845965e-05,0.9976080268585117,0.0003203616840794458,-0.0001334825425825879,-0.00013896068147895057,1.0007539873635611,1.0010537531718036,0.0002432320444556145,-0.00021660988309677825,0.0002432320444556145,0.9952218267771217,0.00018051503367183058,-0.00021660988309677825,0.00018051503367183058,1.0015086527452417,0.9952060033572722,1.0009819780328015,1.001596251304093
91,0.0,69.74747474747474,0.0,59.74747474747474,-2.8184396676222143e-05,0.011944004558383332,-0.0011226640854699395,0.01199668345417607,328.2499999999982,0.0004664879032575964,0.00012862294844518302,-6.62919181959291e-18,0.0002962872663609022,-0.002195668651400395,-4.210495296219139e-18,0.0004137173646991447,0.0003230518259216538,-5.879277362895788e-18,1.0004664879032577,0.00012862294844518302,-6.62919181959291e-18,0.0002962872663609022,0.9978043313485996,-4.210495296219139e-18,0.0004137173646991447,0.0003230518259216538,1.0,1.0009334523656812,0.00042445331934313997,0.0004137173646991381,0.00042445331934313997,0.995613604564371,0.0003230518259216496,0.0004137173646991381,0.0003230518259216496,1.0,1.0011379239125298,0.9998481928639564,0.9955609401535663
92,0.0,70.4040404040404,0.0,60.4040404040404,5.6265013919100496e-05,0.01050240392867599,-0.0009105593512789532,0.01054195296731406,328.24999999999864,0.0004664879032575964,0.00012862294844518302,-6.62919181959291e-18,0.0002962872663609022,-0.002195668651400395,-4.210495296219139e-18,0.0004137173646991447,0.0003230518259216538,-5.879277362895788e-18,1.0004664879032577,0.00012862294844518302,-6.62919181959291e-18,0.0002962872663609022,0.9978043313485996,-4.210495296219139e-18,0.0004137173646991447,0.0003230518259216538,1.0,1.0009334523656812,0.00042445331934313997,0.0004137173646991381,0.00042445331934313997,0.995613604564371,0.0003230518259216496,0.0004137173646991381,0.0003230518259216496,1.0,1.0011379239125298,0.9998481928639564,0.9955609401535663
93,0.0,71.06060606060606,0.0,61.06060606060606,0.0001407144245144233,0.009060803298968653,-0.0006984546170879669,0.009088773064831092,328.249999999999,0.0004664879032575964,0.00012862294844518302,-6.62919181959291e-18,0.0002962872663609022,-0.002195668651400395,-4.210495296219139e-18,0.0004137173646991447,0.0003230518259216538,-5.879277362895788e-18,1.0004664879032577,0.00012862294844518302,-6.62919181959291e-18,0.0002962872663609022,0.9978043313485996,-4.210495296219139e-18,0.0004137173646991447,0.0003230518259216538,1.0,1.0009334523656812,0.00042445331934313997,0.0004137173646991381,0.00042445331934313997,0.995613604564371,0.0003230518259216496,0.0004137173646991381,0.0003230518259216496,1.0,1.0011379239125298,0.9998481928639564,0.9955609401535663
94,0.0,71.71717171717171,0.0,61.71717171717171,0.00013034227814391093,0.007558977270683371,-0.0005704449352887549,0.007581591779591946,328.24999999999926,0.0,-3.970426318845286e-05,0.0,0.0,-0.0023025807686081656,0.0,0.0,0.0001737663033648823,0.0,1.0,-3.970426318845286e-05,0.0,0.0,0.9976974192313919,0.0,0.0,0.0001737663033648823,1.0,1.0,-3.970426318845286e-05,0.0,-3.970426318845286e-05,0.9954001721121364,0.0001737663033648823,0.0,0.0001737663033648823,1.0,0.9953932754209724,0.9999999999999996,1.0000068966911642
95,0.0,72.37373737373738,0.0,62.373737373737384,0.000104273822515128,0.006047181816546654,-0.00045635594823100064,0.006065273423673513,328.24999999999955,0.0,-3.970426318845286e-05,0.0,0.0,-0.0023025807686081656,0.0,0.0,0.0001737663033648823,0.0,1.0,-3.970426318845286e-05,0.0,0.0,0.9976974192313919,0.0,0.0,0.0001737663033648823,1.0,1.0,-3.970426318845286e-05,0.0,-3.970426318845286e-05,0.9954001721121364,0.0001737663033648823,0.0,0.0001737663033648823,1.0,0.9953932754209724,0.9999999999999996,1.0000068966911642
96,0.0,73.03030303030303,0.0,63.03030303030303,7.820536688634623e-05,0.004535386362410004,-0.0003422669611732515,0.004548955067755148,328.24999999999994,0.0,-3.970426318845286e-05,0.0,0.0,-0.0023025807686081656,0.0,0.0,0.0001737663033648823,0.0,1.0,-3.970426318845286e-05,0.0,0.0,0.9976974192313919,0.0,0.0,0.0001737663033648823,1.0,1.0,-3.970426318845286e-05,0.0,-3.970426318845286e-05,0.9954001721121364,0.0001737663033648823,0.0,0.0001737663033648823,1.0,0.9953932754209724,0.9999999999999996,1.0000068966911642
97,0.0,73.68686868686868,0.0,63.68686868686868,5.2136911257564426e-05,0.0030235909082733515,-0.00022817797411550216,0.0030326367118367814,328.25000000000034,0.0,-3.970426318845286e-05,0.0,0.0,-0.0023025807686081656,0.0,0.0,0.0001737663033648823,0.0,1.0,-3.970426318845286e-05,0.0,0.0,0.9976974192313919,0.0,0.0,0.0001737663033648823,1.0,1.0,-3.970426318845286e-05,0.0,-3.970426318845286e-05,0.9954001721121364,0.0001737663033648823,0.0,0.0001737663033648823,1.0,0.9953932754209724,0.9999999999999996,1.0000068966911642
98,0.0,74.34343434343434,0.0,64.34343434343434,2.6068455628782057e-05,0.0015117954541366667,-0.0001140889870577504,0.0015163183559183814,328.2500000000007,0.0,-3.970426318845286e-05,0.0,0.0,-0.0023025807686081656,0.0,0.0,0.0001737663033648823,0.0,1.0,-3.970426318845286e-05,0.0,0.0,0.9976974192313919,0.0,0.0,0.0001737663033648823,1.0,1.0,-3.970426318845286e-05,0.0,-3.970426318845286e-05,0.9954001721121364,0.0001737663033648823,0.0,0.0001737663033648823,1.0,0.9953932754209724,0.9999999999999996,1.0000068966911642
99,0.0,75.0,0.0,65.0,-2.8301470350369476e-19,-1.641295319920386e-17,1.2386180947956167e-18,1.6462056518746696e-17,328.25000000000114,0.0,-3.970426318845286e-05,0.0,0.0,-0.0023025807686081656,0.0,0.0,0.0001737663033648823,0.0,1.0,-3.970426318845286e-05,0.0,0.0,0.9976974192313919,0.0,0.0,0.0001737663033648823,1.0,1.0,-3.970426318845286e-05,0.0,-3.970426318845286e-05,0.9954001721121364,0.0001737663033648823,0.0,0.0001737663033648823,1.0,0.9953932754209724,0.9999999999999996,1.0000068966911642
