,x,y,z,r,mu,Ux,Uy,Uz,Umag,F11,F12,F13,F21,F22,F23,F31,F32,F33,R11,R12,R13,R21,R22,R23,R31,R32,R33,U11,U12,U13,U21,U22,U23,U31,U32,U33,C11,C12,C13,C21,C22,C23,C31,C32,C33,w1,w2,w3,v11,v12,v13,v21,v22,v23,v31,v32,v33,stretch
0,0.0,0.0,20.0,0.0,325000000000000.5,-3.3300358405498234e-18,-3.0960212425952365e-18,-0.19999999999999132,0.19999999999999132,1.0071776009329363,-0.001254929238780096,-0.0004631680114518109,-0.002837776755988402,1.0077944334673643,-0.0009130642768040067,0.0006784304311418045,2.978713026755613e-05,0.9878171390577644,0.9999995276772639,0.0007852565479620678,-0.0005727280361577263,-0.0007855273644659189,0.9999995797118749,-0.0004727820157990059,0.0005723565402732706,0.00047323168603807114,0.9999997242298431,1.0071797426754459,-0.0020465617024342355,0.00010293304442164641,-0.00204656170243418,1.0077930385581442,-0.0004459612285541148,0.00010293304442164641,-0.0004459612285541148,0.9878175635969522,1.0144152330657918,-0.00412381202966769,0.000206263833518747,-0.00412381202966769,1.0156511958624732,-0.0008901756146793058,0.000206263833518747,-0.0008901756146793058,0.975783748427247,1.0095633476489108,1.0054195559545744,0.9878074412270557,0.6517781624829724,-0.7581807203864461,0.018633897729936913,-0.7584037848078151,-0.6516731366136138,0.012075686537648504,-0.002987657862730057,0.022002687346334825,0.9997534474309326,0.9878176696269646
1,0.0,0.0,20.1,0.10000000000000142,325000000000000.4,-0.00017694545738646287,-4.222356550959066e-05,-0.20120317626179338,0.20120325849836196,1.0060585917641047,-0.0011771380682939014,-0.0003398301375686403,-0.0026432875493089198,1.0066711691909411,-0.0008281187424346453,0.0006116234879239236,5.307389485603877e-05,0.9899530360584571,0.9999996210328658,0.0007282109657840143,-0.0004771193923192559,-0.0007284216612096037,0.9999996372070311,-0.00044157410296722516,0.0004767976601197134,0.0004419214797255315,0.9999997886846759,1.0060604275495189,-0.0019103934020420362,0.00013278050206692003,-0.0019103934020420362,1.0066699702273643,-0.0003908843994779865,0.00013278050206692177,-0.00039088439947798995,0.9899533546815498,1.0121612511147329,-0.0038451587738296596,0.00026577845511486993,-0.0038451587738296596,1.0133882313511264,-0.0007807025723357477,0.00026577845511486993,-0.0007807025723357477,0.9800078148665308,1.0083077677782848,1.0044322533757788,0.9899437313043697,0.6482538373656366,-0.7611374294690755,0.020899181848461644,-0.7614041287388097,-0.6481922200459197,0.010516587442514462,-0.0055421187467156975,0.022730141512281626,0.9997262753307172,0.9899534407569534
2,0.0,0.0,20.200000000000003,0.20000000000000284,325000000000000.3,-0.0003257332641860692,-8.572476116574222e-05,-0.20216181187095483,0.20216209246503514,1.0049395825952732,-0.001099346897807702,-0.00021649226368543762,-0.002448798342629429,1.0055479049145182,-0.0007431732080652784,0.0005448165447060546,7.636065944452359e-05,0.99208893305915,0.9999997020453195,0.0006710307469283486,-0.0003816110699186529,-0.0006711873551631891,0.999999690536706,-0.0004104071475519687,0.0003813355560092699,0.00041066315779392584,0.9999998429694699,1.0049411345292236,-0.001774228490007086,0.0001623253941781689,-0.001774228490007086,1.0055468873972904,-0.0003359038769834011,0.0001623253941781689,-0.0003359038769834011,0.9920891648903395,1.009909858105152,-0.003567119653048817,0.0003247647007674498,-0.003567119653048817,1.0111278034725288,-0.0006713016971041496,0.0003247647007674498,-0.0006713016971041496,0.9842410502737601,1.0070526359565326,1.003444868205289,0.9920796826550325,0.6442126130164955,-0.7644651173611203,0.024149400996871483,-0.7647893430321671,-0.644229198749166,0.008124054617850932,-0.009347192887603334,0.023702822976671655,0.9996753503853433,0.99208923503572
3,0.0,0.0,20.300000000000004,0.30000000000000426,325000000000000.25,-0.0004463634203988142,-0.00013050358696845298,-0.20287590682747575,0.20287643984100248,1.0038205734264418,-0.0010215557273215027,-9.3154389802235e-05,-0.0022543091359499383,1.0044246406380952,-0.0006582276736959117,0.00047800960148818526,9.964742403300888e-05,0.9942248300598429,0.999999770720583,0.0006137154701578625,-0.0002862029042044259,-0.000613824002474071,0.9999997396829536,-0.00037928105531799886,0.0002859700590497269,0.00037945664656884037,0.9999998871168829,1.0038218637165366,-0.0016380669500199463,0.0001915682008622674,-0.0016380669500200018,1.0044237900365631,-0.0002810194526881721,0.00019156820086226566,-0.0002810194526881721,0.9942249941429888,1.0076610540370499,-0.003289694667325177,0.00038322257047644214,-0.003289694667325177,1.0088699122266798,-0.0005619729889845185,0.00038322257047644214,-0.0005619729889845185,0.9884834546489342,1.005798215125265,1.0024574704430345,0.9942149623277897,0.6395433429791985,-0.7681987797674064,0.0292394804136339,-0.7685953365426152,-0.6397230564453387,0.0039521762584949945,-0.015669112799880584,0.025000916305251898,0.9995646217668783,0.9942250523140795
4,0.0,0.0,20.400000000000006,0.4000000000000057,325000000000000.25,-0.0005388359260246971,-0.0001765600429177209,-0.20334546113135626,0.20334625169972484,1.0027015642576103,-0.0009437645568353036,3.0183484080967184e-05,-0.0020598199292704475,1.003301376361672,-0.0005732821393265447,0.00041120265827031645,0.00012293418862149218,0.9963607270605357,0.9999998270643706,0.0005562647122505404,-0.00019089473075207739,-0.0005563311573867858,0.9999997846276646,-0.0003481957322052538,0.00019070100063987502,0.0003483018726763501,0.9999999211594641,1.0027026152135485,-0.0015019087658709853,0.00022050940122569224,-0.0015019087658709853,1.0033006781136007,-0.00022623091875455248,0.0002205094012256853,-0.000226230918754549,0.9963608423594488,1.0054148389104256,-0.0030128838166587377,0.00044115206424184757,-0.0030128838166587377,1.006614557613579,-0.0004527164479768566,0.00044115206424184757,-0.0004527164479768566,0.9927350279920533,1.0045451410170876,1.001470399897829,0.9963485947716799,0.6341150496988651,-0.7722830120847283,0.03843244710846864,-0.7727153614686703,-0.6347310211244971,-0.005244136973374506,-0.028444224295052823,0.02637195608205268,0.999247439844936,0.9963608924441251
5,0.0,0.0,20.500000000000007,0.5000000000000071,325000000000000.1,-0.0006031507810637176,-0.00022389412901354738,-0.2035704747825962,0.2035714914290735,1.0015825550887785,-0.0008659733863491043,0.00015352135796416972,-0.0018653307225909568,1.0021781120852493,-0.0004883366049571776,0.00034439571505244743,0.00014622095320997587,0.9984966240612286,0.9999998710821522,0.0004986780479911029,-9.568638546283981e-05,-0.0004987083722311865,0.9999998253525595,-0.0003171510843263843,9.552821246776311e-05,0.0003171987630415339,0.9999999451296512,1.001583389122466,-0.001365753921447039,0.0002491494733775218,-0.0013657539214470946,1.0021775515965956,-0.00017153806788596654,0.0002491494733775357,-0.00017153806788596654,0.9984967094599506,1.0031712127252794,-0.0027366871010495,0.0004985531820636661,-0.0027366871010495,1.0043617396332276,-0.0003435320740811618,0.0004985531820636661,-0.0003435320740811618,0.9969957703031176,1.0032956839604585,1.000486471490457,0.9984754947280962,0.6277727055694169,-0.7760550672733737,0.06033210340584402,-0.7751353079400661,-0.6303495519143821,-0.042716469727685516,-0.071180647136119,0.019949309778841302,0.9972639272091571,0.9984967552792136
6,0.0,0.0,20.60000000000001,0.6000000000000085,325000000000000.1,-0.0006393079855158757,-0.00027250584525593266,-0.20355094778119573,0.20355213414936016,1.000463545919947,-0.0007881822158629045,0.0002768592318473721,-0.0016708415159114658,1.0010548478088261,-0.00040339107058781084,0.0002775887718345794,0.0001695077177984609,1.0006325210619214,0.9999999027791497,0.00044095505015617764,-5.77704563561876e-07,-0.00044095519741188527,0.9999998618391895,-0.0002861470179686826,4.5152651102775554e-07,0.00028614724489088583,0.999999959059774,1.0004641855456198,-0.0012296024007338313,0.0002774888944311743,-0.0012296024007338313,1.0010544104535153,-0.00011694069332837675,0.0002774888944311743,-0.00011694069332836288,1.0006325953650093,1.0009301754816111,-0.002461104520497463,0.0005554259239418983,-0.002461104520497463,1.0021114582856236,-0.00023441986729743334,0.0005554259239418983,-0.00023441986729743334,1.0012656815821266,1.0020723688376103,1.0006027947822802,0.9994760277442541,0.616878834743478,-0.7659389129792077,0.18110241530625285,-0.7869749842807172,-0.603607225123485,0.1277837700769992,-0.01144016441702718,0.22135017362306864,0.9751272856787204,1.000632640673952
7,0.0,0.0,20.70000000000001,0.70000000000001,325000000000000.06,-0.0006473075393811717,-0.00032239519164487516,-0.20328688012715462,0.2032881663490088,0.9993445367511156,-0.0007103910453767053,0.0004001971057305745,-0.0014763523092319753,0.9999315835324033,-0.00031844553621844404,0.00021078182861671024,0.00019279448238694504,1.0027684180626144,0.9999999221603448,0.0003830952895079731,9.443147539522218e-05,-0.00038307118139613294,0.9999998940689361,-0.0002551834395903875,-9.452922496546584e-05,0.00025514724574998357,0.9999999629820542,0.9993450045854618,-0.001093454187812093,0.0003055281405078755,-0.0010934541878120374,0.9999312546521053,-6.243858886548909e-05,0.00030552814050786165,-6.243858886548215e-05,1.0027684999954178,0.998691727179422,-0.002186136075002629,0.0006117702898765426,-0.002186136075002629,0.9998637135707694,-0.00012537982762567324,0.0006117702898765426,-0.00012537982762567324,1.0055447618290811,1.0028054706000091,1.0007430558899546,0.9984962327430197,-0.7954917245140056,-0.6040555209031874,0.048060835366359994,-0.596385113938192,0.7944967795993693,0.11445375956761329,0.10732060427837253,-0.0623842517996071,0.9922653339831683,1.002768548484186
8,0.0,0.0,20.80000000000001,0.8000000000000114,325000000000000.0,-0.0006271494426596055,-0.00037356216818037617,-0.2027782718204731,0.2027795857270021,0.998225527582284,-0.0006325998748905058,0.0005235349796137774,-0.0012818631025524844,0.9988083192559803,-0.00023350000184907708,0.00014397488539884154,0.00021608124697543017,1.0049043150633072,0.9999999292304665,0.00032509833478194805,0.00018934131753926137,-0.00032505587070330577,0.9999999220230062,-0.00022426025582140616,-0.00018941420941072373,0.0002241986934437036,0.9999999569286006,0.9982258463445673,-0.0009573092668613836,0.00033326768673870577,-0.0009573092668612726,0.9988080841598783,-8.031548818371315e-06,0.00033326768673870924,-8.031548818367845e-06,1.0049044232722448,0.9964558678187104,-0.0019117817645649953,0.0006675862798676005,-0.0019117817645649953,0.9976185054886634,-1.6411955065879466e-05,0.0006675862798676005,-1.6411955065879466e-05,1.0098330110439804,1.004921529914661,0.9995098287620138,0.9975069951000151,-0.805059613232796,-0.5921231033933387,0.03562652901003001,-0.5909943099643347,0.8057938127267089,0.037710170526444195,0.05103669984682328,-0.009303859370249681,0.9986534401230309,1.0049044785669832
9,0.0,0.0,20.900000000000013,0.9000000000000128,324999999999999.9,-0.0005788336953511772,-0.0004260067748624365,-0.2020251228611511,0.2020264012382597,0.9971065184134524,-0.0005548087044043063,0.0006468728534969798,-0.0010873738958729934,0.9976850549795572,-0.00014855446747971007,7.716794218097273e-05,0.00023936801156391498,1.007040212064,0.9999999239939992,0.00026696375267309946,0.0002841519846728119,-0.0002669088098948835,0.9999999456824379,-0.0001933773734621655,-0.00028420359398763015,0.0001933015160961865,0.9999999409314189,0.9971067109256397,-0.0008211676221590025,0.0003607080072681075,-0.000821167622159058,0.9976848989441236,4.628063195570575e-05,0.000360708007268111,4.628063195570575e-05,1.0070403651168416,0.9942225973994773,-0.0016380415891845627,0.0007228738939150709,-0.0016380415891845627,0.9953758340393054,9.248375038194663e-05,0.0007228738939150709,9.248375038194663e-05,1.0141304292268245,1.007053475058106,0.9982630778951576,0.9965154220333405,-0.817447302352537,-0.5751929553133114,0.030544590920471463,-0.5748714172081244,0.8180158435511342,0.019311483020440494,0.03609378829774479,0.0017730925710048911,0.9993468339816025,1.0070404307806238
10,0.0,0.0,21.000000000000014,1.0000000000000142,324999999999999.9,-0.000502360297455887,-0.00047972901169105354,-0.20102743324918848,0.2010286333449791,0.9959875092446207,-0.00047701753391810693,0.0007702107273801821,-0.0008928846891935024,0.9965617907031343,-6.360893311034343e-05,1.0360998963103918e-05,0.00026265477615239975,1.009176109064693,0.9999999064551777,0.0002086911078301723,0.0003788636392783942,-0.00020862954155947966,0.9999999650280921,-0.0001625346994828785,-0.0003788975455753657,0.00016245564213123766,0.9999999150224027,0.9959875984315123,-0.0006850292380750633,0.00038784957525551597,-0.0006850292380750633,0.9965616989718995,0.00010049815806580965,0.0003878495752555125,0.00010049815806581139,1.0091763254508295,0.9919919159217219,-0.0013649155488613316,0.0007776331320189538,-0.0013649155488613316,0.9931356992226968,0.00020130728871780478,0.0007776331320189538,0.00020130728871780478,1.018437016377614,1.0091882339376788,0.997015985753902,0.995521403162663,-0.8336326694884044,-0.5516223093653977,0.027738063595398932,-0.5515554575377029,0.8340696122827749,0.01069855723156831,0.029037038795444687,0.00638041353294346,0.999557972656484,1.0091764049845864
11,0.0,0.0,21.100000000000016,1.1000000000000156,324999999999999.8,-0.00039772924897373425,-0.0005347288786662291,-0.19978520298458546,0.19978631448405365,0.9948685000757893,-0.0003992263634319076,0.0008935486012633845,-0.000698395482514012,0.9954385264267113,2.1336601259023256e-05,-5.6445944254764676e-05,0.0002859415407408841,1.011312006065386,0.9999998766179873,0.00015027996283856204,0.0004734764435184724,-0.00015021760630795633,0.999999980040656,-0.00013173214102180433,-0.00047349623076934494,0.000131661000270792,0.9999998792333428,0.9948685089651506,-0.0005488940990829305,0.0004146928628786621,-0.0005488940990829305,0.995438484210037,0.00015462123358812342,0.0004146928628786621,0.00015462123358812342,1.0113123041961132,0.9897638233854453,-0.001092403643595303,0.0008318639941792504,-0.001092403643595303,0.9908981010388364,0.00031005865994169514,0.0008318639941792504,0.00031005865994169514,1.0227527724963486,1.011324004026175,0.9957715237484493,0.9945237695966781,-0.8552413635045112,-0.5175826553999355,0.0258921799023613,-0.517631518583156,0.8555872374955603,0.005300000378427788,0.02489620694488643,0.008869828852070027,0.9996506914997322,1.0113124010395347
12,0.0,0.0,21.200000000000017,1.200000000000017,324999999999999.75,-0.0002649405499047187,-0.0005910063757879622,-0.19829843206734182,0.1982994897683738,0.9937494909069579,-0.00032143519294570815,0.0010168864751465873,-0.0005039062758345208,0.9943152621502883,0.00010628213562839054,-0.00012325288747263414,0.0003092283053293683,1.0134479030660788,0.9999998344861639,9.172987821698397e-05,0.0005679905592357246,-9.167254275443959e-05,0.999999990700642,-0.00010096960538652673,-0.0005679998158833327,0.00010091751953546224,0.9999998335959177,0.9937494426296544,-0.00041276218974495293,0.0004412383413354322,-0.0004127621897448974,0.9943152546251366,0.0002086500620685893,0.0004412383413354287,0.00020865006206858758,1.013448301274863,0.987538319790647,-0.0008205058733864744,0.0008855664803959593,-0.0008205058733864744,0.9886630394877247,0.00041873786405361845,0.0008855664803959593,0.00041873786405361845,1.0270776975830278,1.0134602566089166,0.9945327336305234,0.9935200082902134,-0.022160735824053788,-0.010417360294772977,-0.999700145239674,0.884662126276444,0.46559050365434007,-0.02446232284430384,-0.46570572695612394,0.884938959200821,0.001101984045112062,1.0134484188073056
13,0.0,0.0,21.30000000000002,1.3000000000000185,324999999999999.7,-0.00010399420024884197,-0.0006485615030562541,-0.19656712049745784,0.19656821794857643,0.9926304817381262,-0.0002436440224595088,0.0011402243490297895,-0.00030941706915503037,0.9931919978738654,0.00019122766999775707,-0.0001900598306905023,0.0003325150699178534,1.0155838000667716,0.9999997800631892,3.3040412397322694e-05,0.000662406147954632,-3.299388750976906e-05,0.9999999969883816,-7.02470000495739e-05,-0.0006624084669494788,7.022512924589192e-05,0.9999997781417027,0.9926303995282569,-0.0002766334947245097,0.0004674864808472158,-0.0002766334947245097,0.9931920101835654,0.0002625848465244718,0.0004674864808472193,0.0002625848465244718,1.0155843166095277,0.9853154051373264,-0.0005492222382348482,0.0009387405906690817,-0.0005492222382348482,0.9864305145693615,0.0005273449010535744,0.0009387405906690817,0.0005273449010535744,1.0314117916376522,1.015596779784354,0.9933051940577443,0.9925047524792499,-0.020211630631025,-0.011467322733326278,-0.9997299587871541,0.9243400205123942,0.380872598834432,-0.02305623421663374,-0.38103414081457665,0.9245564147019448,-0.0029016490454343677,1.0155844581508975
14,0.0,0.0,21.40000000000002,1.40000000000002,324999999999999.6,8.510979999389742e-05,-0.0007073942604711053,-0.19459126827493325,0.1945925726721471,0.9915114725692948,-0.0001658528519733093,0.001263562222912992,-0.00011492786247553917,0.9920687335974425,0.00027617320436712414,-0.0002568667739083711,0.000355801834506337,1.0177196970674647,0.9999997133522958,-2.578887827989207e-05,0.0007567233708824263,2.5818824831269627e-05,0.9999999988840302,-3.956423265189836e-05,-0.0007567223497207468,3.9583759019130686e-05,0.9999997129021648,0.9915113797643339,-0.00014050799877884934,0.000493437750661449,-0.00014050799877884934,0.9920687508514572,0.0003164257894441606,0.0004934377506614455,0.00031642578944416147,1.017720350122827,0.9830950794254847,-0.0002785527381404227,0.000991386324998617,-0.0002785527381404227,0.9842005262837473,0.0006358797709415621,0.000991386324998617,0.0006358797709415621,1.035755054660222,1.017733471922194,0.9921007316025252,0.991466277213898,0.018747423286184117,0.01222348647896923,0.9997495288813232,-0.9711389886278688,-0.23757776242718215,0.021115671122025458,-0.23777636317970777,0.971291610783493,-0.007416733421084956,1.0177205189344578
15,0.0,0.0,21.50000000000002,1.5000000000000213,324999999999999.6,0.00030237145082349893,-0.0007675046480325124,-0.1923708753997682,0.1923726440894135,0.9903924634004632,-8.806168148710998e-05,0.0013869000967961945,7.956134420395139e-05,0.9909454693210193,0.0003611187387364908,-0.00032367371712624035,0.000379088599094822,1.0198555940681575,0.9999996343564619,-8.475843957975182e-05,0.0008509423889093877,8.476606170263606e-05,0.9999999963675633,-8.92121099851207e-06,-0.0008509416296704729,8.993338771668541e-06,0.9999996379086656,0.9903923834414005,-4.385686761806257e-06,0.0005190926190535225,-4.385686761802787e-06,0.9909454765947153,0.00037017309279286455,0.000519092619053519,0.0003701730927928628,1.0198564017377492,0.9808773426551204,-8.49737310319926e-06,0.0010435036833845645,-8.49737310319926e-06,0.981973074630881,0.0007443424737175832,0.0010435036833845645,0.0007443424737175832,1.0401074866507365,1.0198702781433713,0.9909409557851052,0.9903830278453906,0.017603482453568946,0.012792075212377014,0.9997632120743729,-0.999649622283485,-0.01954366866192265,0.017851545695507526,-0.019767399272364917,0.9997271666944905,-0.012443556525911873,1.0198566010232697
16,0.0,0.0,21.600000000000023,1.6000000000000227,324999999999999.5,0.0005477907522399632,-0.0008288926657404794,-0.1899059418719626,0.1899085408717491,0.9892734542316316,-1.0270511000910526e-05,0.0015102379706793969,0.0002740505508834423,0.9898222050445964,0.0004460642731058578,-0.0003904806603441094,0.00040237536368330695,1.0219914910688503,0.999999543078412,-0.00014386871938429358,0.0009450633626105105,0.00014384829257732545,0.9999999894187765,2.168215694031434e-05,-0.0009450664719947363,-2.1546201281945863e-05,0.999999553192463,0.9892734106631176,0.00013173345637734757,0.0005444515533301105,0.0001317334563773198,0.9898221873790111,0.000423826958008217,0.0005444515533301088,0.00042382695800821484,1.02199247137756,0.9786621948262346,0.00026094385687682327,0.001095092665826925,0.00026094385687682327,0.9797481596107638,0.0008527330093816371,0.001095092665826925,0.0008527330093816371,1.044469087609196,1.0220071661920545,0.9898433857055855,0.9892375175220485,0.016682211533709673,0.013233765580915076,0.9997732599279168,0.9775128864292081,-0.21044150151642685,-0.013525209955857076,-0.21021479653718933,-0.977516875500404,0.016446806035096486,1.021992704283742
17,0.0,0.0,21.700000000000024,1.7000000000000242,324999999999999.56,0.0005557898616273169,-0.0008561726110691771,-0.18762480883870572,0.18762758546032376,0.9890928637044707,-7.67576114846851e-06,0.0016103460028355976,0.0002835152762071862,0.9895643844237443,0.0004879855473056728,-0.0005642706221643736,0.0004155119652990963,1.0223896999650663,0.9999994047134105,-0.0001474226466702533,0.0010811287563354272,0.00014738382427204044,0.99999998849141,3.598871736673528e-05,-0.0010811340494450723,-3.58293550524638e-05,0.9999994149325413,0.9890929267485014,0.00013772080262688946,0.0005050766489602034,0.0001377208026268617,0.9895643592793084,0.0004511165766575855,0.0005050766489602052,0.0004511165766575855,1.0223908603514675,0.9783050918133576,0.0002727301180040658,0.001016015618763203,0.0002727301180040658,0.9792378436290545,0.0009076959106299761,0.001016015618763203,0.0009076959106299761,1.0452835299388015,1.0224047727906762,0.9895919024646475,0.9890514711239539,0.015215917500399322,0.013797541027576209,0.9997890296038527,0.9681677724296759,-0.25004767158066094,-0.011283898512894462,-0.24983922887175272,-0.9681352125600177,0.017163039303615134,1.0223910846338604
18,0.0,0.0,21.800000000000026,1.8000000000000256,324999999999999.6,0.0004946757004906351,-0.0008566914790286049,-0.18542196262816668,0.18542460152099596,0.9891351495200351,-2.2940314673746567e-05,0.001704936900169126,0.0002490363095707551,0.9895121084374756,0.0005196884719019561,-0.0007634692692569151,0.00042623788249221504,1.0223752043898175,0.999999237541312,-0.00013776648244309686,0.0012271663255321221,0.00013770960556999667,0.9999999894400435,4.643251298492787e-05,-0.001227172709417277,-4.6263484990977446e-05,0.9999992459531315,0.9891353665486907,0.00011280195747978561,0.0004503762167075414,0.00011280195747981336,0.9895120814294278,0.0004721549433309895,0.00045037621670754313,0.0004721549433309878,1.0223765498425892,0.9783889889204309,0.00022340795265131684,0.0009059903867682993,0.00022340795265131684,0.979134394949369,0.0009499739660050271,0.0009059903867682993,0.0009499739660050271,1.0452542354370626,1.0223894741883286,0.9895332720150248,0.9891012516173532,0.01358968337373766,0.01440489200744544,0.9998038905665726,0.966994986978913,-0.25461915628829496,-0.009475252434059458,-0.25443273308180175,-0.9669341158203436,0.017389652074018942,1.0223767580677208
19,0.0,0.0,21.900000000000027,1.900000000000027,324999999999999.6,0.000423893815661014,-0.0008367693179592235,-0.18321913976968762,0.18322154089190157,0.9891774353355998,-3.820486819902476e-05,0.0017995277975026544,0.00021455734293432383,0.9894598324512072,0.0005513913964982401,-0.0009626679163494555,0.0004369637996853305,1.0223607088145688,0.9999990489537328,-0.00012811542973362178,0.001373199936602073,0.00012803744442485554,0.9999999901856131,5.687869528601475e-05,-0.001373207210163421,-5.670282018153559e-05,0.9999990555429279,0.9891778439959902,8.788303460338653e-05,0.0003956835880818514,8.788303460333102e-05,0.9894598028578182,0.0004931901083769052,0.0003956835880818514,0.000493190108376907,1.022362245712648,0.9784729713414851,0.00017408382801796312,0.0007959767433096724,0.00017408382801796312,0.9790309524313452,0.0009922455080444634,0.0007959767433096724,0.0009922455080444634,1.0452249612605937,1.022374383441327,0.9894746743726694,0.9891508347524599,0.011956972256406273,0.015013105738510581,0.9998158017707783,0.9649463529435556,-0.2623371202549724,-0.007600741888743707,-0.26217468748024164,-0.9648594933939557,0.017623599297447404,1.0223624412411645
20,0.0,0.0,22.00000000000003,2.0000000000000284,324999999999999.7,0.0003434442071384531,-0.0007964061278610355,-0.18101634026326843,0.18101841801029886,0.9892197211511642,-5.346942172430282e-05,0.0018941186948361831,0.0001800783762978927,0.9894075564649387,0.0005830943210945235,-0.0011618665634419959,0.00044768971687844834,1.02234621323932,0.9999988389525569,-0.00011846949016214303,0.0015192295805385777,0.00011836734092118828,0.9999999907281061,6.732726494733583e-05,-0.0015192375426791886,-6.714735961126463e-05,0.9999988437035919,0.9892203590868376,6.296403487693336e-05,0.00034099876622966773,6.296403487687785e-05,0.9894075235645692,0.0005142220715841901,0.00034099876622966773,0.0005142220715841899,1.0223479479633621,0.9785570390765199,0.000124757744104005,0.0006859746883873207,0.000124757744104005,0.9789275160749826,0.0010345105367482897,0.0006859746883873207,0.0010345105367482897,1.0451957074093945,1.0223595016088138,0.989416161202061,0.9892001678038944,0.010317787625253705,0.015622175784782274,0.9998247300813625,0.9606017784401448,-0.2778726039379829,-0.005571286956899972,-0.2777368656048946,-0.9604908972002779,0.017873720356276032,1.0223481341546012
21,0.0,0.0,22.10000000000003,2.10000000000003,324999999999999.7,0.0002533268749229519,-0.000735601908734039,-0.17881356410890917,0.17881525660302217,0.9892620069667286,-6.873397524958101e-05,0.0019887095921697117,0.00014559940966146144,0.9893552804786699,0.0006147972456908075,-0.0013610652105345376,0.0004584156340715639,1.0223317176640712,0.9999986075396705,-0.00010882866534844826,0.0016652552483368437,0.00010869929514234489,0.9999999910675054,7.777822264388263e-05,-0.0016652636979621596,-7.759710226896e-05,0.999998610436788,0.989262911817667,3.8044959178973325e-05,0.0002863217542964907,3.804495917902884e-05,0.9893552435497606,0.0005352508327395863,0.000286321754296492,0.0005352508327395897,1.022333656596448,0.9786411921255352,7.542970090944203e-05,0.0005759842220012428,7.542970090944203e-05,0.9788240858802806,0.001076769052116502,0.0005759842220012428,0.001076769052116502,1.0451664738834654,1.0223448297518731,0.9893579881193009,0.9892489940927031,0.008672133625070308,0.016232095533115432,0.999830642245472,0.9460805356030829,-0.32391809823316203,-0.002947166434895008,-0.32381540150389454,-0.9459458677492382,0.018165930667386934,1.0223338368084396
22,0.0,0.0,22.20000000000003,2.2000000000000313,324999999999999.75,0.00017437018180952016,-0.0006456783337925698,-0.1766062236939251,0.17660749008153573,0.9893032146402003,-8.679504854652387e-05,0.0019924355621029656,0.00010350888741065687,0.9893205127762856,0.00064482693131233,-0.0014858495885293724,0.0004226132265180675,1.0223019311226218,0.9999985003814804,-9.672757618844896e-05,0.0017291265325149623,9.653660138547737e-05,0.9999999892320186,0.00011052894404773348,-0.001729137205092622,-0.00011036185429744172,0.9999984989512676,0.9893043102929795,7.979965344129258e-06,0.00022479451966801002,7.979965344129258e-06,0.9893204638783956,0.0005318110641356114,0.00022479451966800915,0.0005318110641356114,1.0223039130428382,0.9787230689605237,1.5908905339356615e-05,0.00045220274815882034,1.5908905339356615e-05,0.9787552631352524,0.0010698058943839168,0.00045220274815882034,0.0010698058943839168,1.045105623978282,1.022314017703807,0.9893136383786925,0.9893010311317145,-0.006812805639041292,-0.01611781522082,-0.9998468891344475,-0.9281118148815769,0.3723014304694419,0.0003224091076730109,-0.3722392305447537,-0.9279719073888577,0.017495552021442387,1.022304076084157
23,0.0,0.0,22.300000000000033,2.3000000000000327,324999999999999.75,0.00013017344897971596,-0.0005292957502000416,-0.1743812583892302,0.1743821102536882,0.9893426589655966,-0.00010942995101675765,0.0018475480089053349,4.896933637918953e-05,0.989314380630286,0.0006721199621409237,-0.0014889262073455416,0.0003107117292078394,1.0222471355438667,0.9999986212103934,-8.059849518343709e-05,0.0016586383556713097,8.030046453094686e-05,0.9999999806209339,0.00017974973691143974,-0.001658652811086651,-0.00017961629964420925,0.9999986083034503,0.9893437684141209,-3.050275868710095e-05,0.00015204634807542902,-3.050275868710095e-05,0.9893143144692955,0.0004883587917180136,0.0001520463480754299,0.0004883587917180153,1.0222488981134337,0.9788011161483636,-6.028027685608719e-05,0.0003058404224703377,-6.028027685608719e-05,0.9787430522385793,0.000982359942129179,0.0003058404224703377,0.000982359942129179,1.0449930713065294,1.0222568360511148,0.989362444581977,0.9892877003637577,-0.004605345104801187,-0.014818523025540724,-0.9998795938370817,0.8606840576032228,-0.5091268290450621,0.0035811917252142845,0.5091185950092576,0.8605639333145327,-0.015098771275177777,1.0222490260726735
24,0.0,0.0,22.400000000000034,2.400000000000034,324999999999999.75,9.133259891764254e-05,-0.0004043260323481347,-0.172141607441882,0.17214210651046147,0.9893821032909929,-0.00013206485348699152,0.0017026604557077037,-5.570214652277875e-06,0.9893082484842866,0.0006994129929695173,-0.0014920028261617114,0.00019881023189761114,1.0221923399651118,0.9999987368049843,-6.447326699487999e-05,0.0015881535297410827,6.407794006302314e-05,0.9999999669534825,0.00024897198957012784,-0.0015881695292958012,-0.00024886990946347033,0.9999987078898227,0.9893832227049496,-6.898759636575491e-05,7.928839444715317e-05,-6.898759636575491e-05,0.9893081748278618,0.00044491027867291956,7.928839444715317e-05,0.00044491027867291956,1.0221938974004432,0.9788791724159694,-0.0001364698872429641,0.000159464026869187,-0.0001364698872429641,0.9787308674856807,0.0008949324775906304,0.000159464026869187,0.0008949324775906304,1.0448805681145128,1.022200102532863,0.9894234840233925,0.9892617083769998,-0.0023874359621918243,-0.013520145298799921,-0.9999057484686373,0.8660070213654805,-0.5000098135551762,0.004693111356707756,0.5000261384113602,0.8659141943750867,-0.012902282168980247,1.022193997299198
25,0.0,0.0,22.500000000000036,2.5000000000000355,324999999999999.8,5.784763162330035e-05,-0.00027076918023684804,-0.1698872708518806,0.1698874964786923,0.989421547616389,-0.00015469975595722537,0.0015577729025100728,-6.0109765683745245e-05,0.9893021163382869,0.0007267060237981115,-0.001495079444977883,8.69087345873828e-05,1.0221375443863567,0.9999988471661488,-4.835189176538579e-05,0.0015176720554641839,4.7869027724745106e-05,0.9999999482300252,0.00031819570008486016,-0.0015176873622583832,-0.00031812268377242985,0.9999987977107916,0.9894226731635194,-0.00010747454746701246,6.520659762542652e-06,-0.00010747454746701246,0.9893020449545273,0.000401465526105059,6.5206597625435195e-06,0.000401465526105059,1.0221389109045527,0.9789572377633412,-0.00021265992582127395,1.3073561355368604e-05,-0.00021265992582127395,0.978718708876556,0.0008075235007682711,1.3073561355368604e-05,0.0008075235007682711,1.0447681144022323,1.0221438193415464,0.9894844277221057,0.9892353819589467,-0.8671977582308058,0.497928371391907,-0.005948536161786352,0.49796387700398115,0.8671320200123314,-0.01067881400240223,0.00015911828652703322,0.012222799693068378,0.9999252861334361,1.0221389897671609
26,0.0,0.0,22.600000000000037,2.600000000000037,324999999999999.9,2.9718547096687156e-05,-0.00012862519386618314,-0.16761824861922592,0.16761830060530136,0.9894609919417854,-0.00017733465842745922,0.0014128853493124418,-0.00011464931671521264,0.9892959841922875,0.0007539990546267053,-0.0014981560637940532,-2.499276272284489e-05,1.0220827488076016,0.9999989522947832,-3.22343696362859e-05,0.0014471939335796921,3.1673727257430784e-05,0.9999999244509207,0.00038742086651714393,-0.0014472063125128406,-0.0003873746225883934,0.9999988777667659,0.9894621197878835,-0.0001459636117688845,-6.625685499925607e-05,-0.0001459636117688845,0.9892959248497197,0.0003580245351206546,-6.625685499925694e-05,0.00035802453512065544,1.0220839386264469,0.9790353121904792,-0.0002888503925910169,-0.00013333097407111486,-0.0002888503925910169,0.9787065764112061,0.0007201330116621018,-0.00013333097407111486,0.0007201330116621018,1.0446557101696876,1.022087988655154,0.9895452648055704,0.9892087298033262,0.8674764948811444,-0.4974254910078847,0.007239594207460262,-0.49747382467276546,-0.8674378883807267,0.008444143949321373,-0.0020795658619202433,0.01092660501489509,0.9999381404410346,1.0220840034799916
27,0.0,0.0,22.70000000000004,2.7000000000000384,324999999999999.8,6.945345337806266e-06,2.2105926763861528e-05,-0.16533454074391804,0.16533454236762538,0.9895004362671815,-0.00019996956089769307,0.0012679977961148109,-0.00016918886774667998,0.9892898520462878,0.0007812920854552992,-0.0015012326826102246,-0.0001368942600330728,1.0220279532288465,0.9999990521917832,-1.6120700748745165e-05,0.0013767191648263863,1.5492038402564745e-05,0.9999998956165295,0.0004566474869287674,-0.0013767263825971805,-0.000456625725928363,0.9999989480581534,0.9895015625760977,-0.00018445478904655088,-0.00013904414885892004,-0.00018445478904655088,0.98928981451387,0.0003145873068259933,-0.00013904414885891917,0.0003145873068259924,1.0220289805668086,0.9791133956973828,-0.0003650412875521926,-0.0002797495794102658,-0.0003650412875521926,0.9786944700896297,0.0006327610102721214,-0.0002797495794102658,0.0006327610102721214,1.044543355416879,1.0220326126366301,0.9896059928521889,0.9891817521679565,0.8674047824973175,-0.4975297875908625,0.008547149265871846,-0.49758437150049867,-0.8673934177621261,0.006200972616573537,-0.00432857242506704,0.009631681199328817,0.9999442455347376,1.0220290384411193
28,0.0,0.0,22.80000000000004,2.80000000000004,324999999999999.94,5.279583441080565e-05,8.23812793324971e-05,-0.16307327365551794,0.16307330301064843,0.9895471871389219,-0.00016948379359656336,0.0009967856755791833,-0.00016841386215272894,0.9893090812081119,0.0006275299447209486,-0.0013234237774680023,-0.0001528941430171289,1.0219392185315932,0.9999993347046654,-9.349053985419076e-07,0.001153511747744943,4.871968469211119e-07,0.9999999246786785,0.00038812678433796646,-0.001153512023722728,-0.0003881259641317263,0.9999992593838495,0.9895480553009851,-0.00016882532734313616,-0.00018203385793703506,-0.00016882532734308064,0.9893090661926811,0.000230887821077472,-0.00018203385793703355,0.00023088782107747157,1.0219398550320689,0.9792054153882762,-0.0003341232307038343,-0.00036619788422363546,-0.0003341232307038343,0.9787325102622138,0.00046440361299177665,-0.00036619788422363546,0.00046440361299177665,1.0443611537484778,1.021942525003389,0.9896331793508628,0.9892212721714837,-0.005656080056004019,0.0071041562666074405,0.9999587690110725,0.8892695521298,-0.45730856460437475,0.008278912630974097,-0.45734852400893833,-0.8892797128594222,0.003730936009770707,1.0219398973268818
29,0.0,0.0,22.90000000000004,2.900000000000041,324999999999999.94,0.00010882116634479573,0.0001221231505267016,-0.16082004162346858,0.16082012480993885,0.9895952453065208,-0.00012949361363384665,0.0007029714150019526,-0.0001577419110830601,0.9893328480449355,0.0004413731999190083,-0.0011132506218069623,-0.0001517351964647421,1.0218444114073737,0.9999995922256455,1.4044708093019498e-05,0.0009029680441340352,-1.4311055097970815e-05,0.9999999563961353,0.00029496257762043213,-0.0009029638620978657,-0.0002949753797670343,0.9999995488227931,0.9895958492574929,-0.00014351494632930395,-0.00021972376435557548,-0.00014351494632935946,0.9893328478456473,0.00013996411038384227,-0.0002197237643555746,0.0001399641103838427,1.0218447153237664,0.9793000137427305,-0.0002840365991956548,-0.00044198137956895497,-0.0002840365991956548,0.9787795240128692,0.00028152421209647267,-0.00044198137956895497,0.00028152421209647267,1.044166690103594,1.0218468232553768,0.989656939955107,0.9892696492164209,-0.00683200059987949,0.00433475209551851,0.9999672663102896,0.9156064691476432,-0.40199604703085706,0.007998238965601404,-0.4020175586002381,-0.915631141942938,0.0012224898263438677,1.0218447485325715
30,0.0,0.0,23.000000000000043,3.0000000000000426,325000000000000.06,0.00016316756453320228,0.00015811632781595106,-0.15856952218097403,0.158569684962573,0.9896433034741196,-8.950343367112997e-05,0.0004091571544247217,-0.00014706996001339134,0.9893566148817591,0.0002552164551170681,-0.0009030774661459215,-0.00015057624991235495,1.0217496042831542,0.99999978675749,2.8980424721158915e-05,0.000652414829552425,-2.91120883913476e-05,0.9999999792143904,0.00020180115270761342,-0.0006524089677084786,-0.00020182010283301024,0.9999997668155655,0.9896436858974482,-0.00011820741451207262,-0.00025744896729601143,-0.00011820741451207262,0.9893566221128468,4.9018697154984414e-05,-0.00025744896729601403,4.901869715498463e-05,1.0217496844702212,0.9793947052896512,-0.00023394512954198572,-0.0005178369404005257,-0.00023394512954198572,0.978826542094365,9.861224336412278e-05,-0.0005178369404005257,9.861224336412278e-05,1.0439724863977982,1.0217518258129548,0.9896840061923501,0.9893141604752091,0.008023594470932942,-0.0015423736728686695,-0.9999666209505294,-0.9409221180600652,0.33852682442484616,-0.008071981800675839,-0.3385279747333434,-0.9409554772827196,-0.0012649484536013547,1.021749718080606
31,0.0,0.0,23.100000000000044,3.100000000000044,325000000000000.06,0.00021583502897602822,0.00019036081120024423,-0.15632171532803435,0.1563219802366167,0.9896913616417181,-4.951325370841326e-05,0.00011534289384749027,-0.00013639800894372264,0.9893803817185826,6.90597103151275e-05,-0.0006929043104848798,-0.00014941730335996746,1.0216547971589347,0.9999999182950319,4.3872240934661466e-05,0.0004018521573549009,-4.391590245417243e-05,0.9999999931340978,0.00010864252357225277,-0.0004018473882048874,-0.00010866016239555361,0.9999999133558191,0.9896915652108464,-9.290273904338786e-05,-0.0002952094602814263,-9.290273904344337e-05,0.9893803889890452,-4.194840597846784e-05,-0.0002952094602814278,-4.1948405978468276e-05,1.0216547624921037,0.9794894900290385,-0.00018384882174282715,-0.0005937645667183478,-0.00018384882174282715,0.9788735645067009,-8.433229320527351e-05,-0.0005937645667183478,-8.433229320527351e-05,1.0437785426310906,1.0216575410960227,0.989714853435113,0.9893543221608581,0.009231014204265427,0.0012730056872495572,-0.9999565829741214,-0.9632086704946173,0.26861861032700984,-0.008549811107732485,-0.26859606374774025,-0.9632457742666086,-0.00370579232300703,1.0216548060040096
32,0.0,0.0,23.200000000000045,3.2000000000000455,325000000000000.0,0.00025615937463579423,0.00022539424510996603,-0.1540780017106697,0.1540783795064839,0.9897247071833626,-1.0788571097501435e-05,-7.33867342394587e-05,-0.0001092537974152918,0.9894037966839508,-5.5805151761749894e-05,-0.0005080949180230115,-0.00019513915269425063,1.0215735463709497,0.9999999754043225,4.9747845808773006e-05,0.00021614001784149984,-4.976282115912167e-05,0.9999999963619316,6.92805871556415e-05,-0.00021613657049521055,-6.929134118870833e-05,0.9999999742418463,0.9897247980950835,-5.9981918313523064e-05,-0.0002941833582338709,-5.9981918313523064e-05,0.9894038060691779,-0.00012659500354141387,-0.0002941833582338711,-0.00012659500354141387,1.0215735003290773,0.9795552661060307,-0.00011867468812343915,-0.000591682894429371,-0.00011867468812343915,0.9789199110882989,-0.00025456203354328735,-0.000591682894429371,-0.00025456203354328735,1.0436125191447465,1.0215767111798837,0.9897334082606306,0.9893919850528223,0.009228130149819356,0.003917430530632516,-0.9999497464132764,-0.9832364791297376,0.18214316110897777,-0.008360321153307768,-0.18210125678459366,-0.9832642181017439,-0.005532601398785981,1.021573550531114
33,0.0,0.0,23.300000000000047,3.300000000000047,325000000000000.0,0.0002719365909260404,0.0002767802031334424,-0.15184667333304133,0.15184716908491147,0.9897311356573395,2.5620856714023984e-05,-6.986175241534021e-05,-5.197322880205662e-05,0.9894265678928753,-6.853518760595638e-05,-0.00036968907938415754,-0.0003266304329331476,1.0215170971935608,0.9999999881190219,3.9196674011074406e-05,0.0001490824522240113,-3.9215807232644007e-05,0.9999999909955971,0.00012833910542061917,-0.0001490774204156776,-0.00012834495028426346,0.999999980651748,0.9897311810488317,-1.3131611924573072e-05,-0.00022214419768273907,-1.3131611924573072e-05,0.9894266019092997,-0.00019964448639023507,-0.00022214419768274,-0.00019964448639023594,1.0215170582180846,0.9795678602607989,-2.5945182079795184e-05,-0.0004467845047987246,-2.5945182079795184e-05,0.9789650405961426,-0.00040147089707574915,-0.0004467845047987246,-0.00040147089707574915,1.043497189436495,1.021519851396186,0.9897303205373247,0.9894246692427047,0.006985282300453041,0.0062176324182514255,-0.9999562724830993,-0.9988451646178674,0.047578274731815015,-0.0066816833993446605,-0.0475346500007061,-0.9988481610438364,-0.006542799756717422,1.021517101881557
34,0.0,0.0,23.40000000000005,3.4000000000000483,324999999999999.94,0.00028107285633583785,0.00033644695742215703,-0.14962861856254542,0.14962926081298886,0.9897375641313164,6.203028452554936e-05,-6.633677059122178e-05,5.307339811178567e-06,0.9894493391017996,-8.126522345016252e-05,-0.00023128324074530486,-0.0004581217131720427,1.021460648016172,0.9999999962261861,2.864912104293127e-05,8.201741877056812e-05,-2.8664490805088705e-05,0.9999999820295548,0.00018740127367105133,-8.201204841486534e-05,-0.00018740362395154152,0.9999999790769525,0.9897375792121111,3.370579430886367e-05,-0.0001501065210335942,3.370579430886367e-05,0.9894494089517363,-0.00027269254964217005,-0.00015010652103359333,-0.00027269254964217005,1.0214606059741254,0.9795804993726969,6.675100245172723e-05,-0.0003019031540064289,6.675100245172723e-05,0.9790102083722483,-0.0005483652385304713,-0.0003019031540064289,-0.0005483652385304713,1.043381866450222,1.0214636416532197,0.9897404503570004,0.9894435021277525,0.0047401608403360735,0.008522439256443954,-0.9999524483215829,0.9939357616700218,0.10981714964614896,0.005647593915017471,-0.1098600589324439,0.9939152688598343,0.007950206201286765,1.0214606534028718
35,0.0,0.0,23.50000000000005,3.5000000000000497,324999999999999.94,0.00024056731853299947,0.0003178668386918837,-0.1474642132502571,0.14746475206461776,0.9897915621846962,6.294445176203689e-05,-9.835752291381583e-05,-4.620021951079809e-06,0.9895156215384315,-6.580782304313517e-05,-3.1904458878812686e-05,-0.0004614095131660201,1.0213249804428104,0.9999999988718953,3.412779103768859e-05,-3.303789321433212e-05,-3.4121290705138585e-05,0.9999999800656524,0.00019673441855761094,3.304460666686483e-05,-0.00019673329103982,0.9999999801020331,0.9897915601714788,2.916565441538066e-05,-6.460599509721472e-05,2.916565441538066e-05,0.9895156947358504,-0.00026673980308000896,-6.460599509721515e-05,-0.0002667398030800107,1.0213249504233812,0.9796873376112605,5.774502436880091e-05,-0.00012993796306433761,5.774502436880091e-05,0.9791413821293314,-0.0005363731219913877,-0.00012993796306433761,-0.0005363731219913877,1.043104729681379,1.021327320390571,0.9897943435564952,0.9895105413836446,0.0020563381145687495,0.008386551376152114,-0.9999627179198103,0.9948459483775902,0.10135656307247004,0.002895879629710982,-0.10137707073224801,0.9948148133588243,0.008134903293616571,1.0213249872990373
36,0.0,0.0,23.60000000000005,3.600000000000051,324999999999999.9,0.00019083532573456637,0.0002899158911455384,-0.14531886585460785,0.1453192803540363,0.9898520321298938,5.9029451085442165e-05,-0.00013521431013254555,-2.369109404581698e-05,0.9895878237238214,-4.651549198645731e-05,0.00017576975669434422,-0.0004472550934632147,1.0211785351225107,0.9999999871714124,4.178803820820143e-05,-0.00015463160977109128,-4.175721949568889e-05,0.9999999792675325,0.0001993019528465376,0.00015463993500283854,-0.00019929549330383826,0.9999999681838979,0.9898520476017885,1.7637850864088422e-05,2.2702616257295506e-05,1.76378508641023e-05,0.9895878948098734,-0.0002500374212707872,2.2702616257295506e-05,-0.00025003742127078545,1.0211785142703682,0.9798070769679555,3.490738999504235e-05,4.5651245005123896e-05,3.490738999504235e-05,0.9792842643840436,-0.0005027664472796743,4.5651245005123896e-05,-0.0005027664472796743,1.0428056210415575,1.021180509423206,0.9898532189348401,0.989584728323984,0.0007201859321081574,-0.00791377437990656,0.999968426255193,0.9977857005799451,0.06651059133021087,-0.00019224748112556375,0.06650696993816563,-0.9977543352028219,-0.007944150906098686,1.021178545133787
37,0.0,0.0,23.700000000000053,3.7000000000000526,324999999999999.9,0.0001379351343032629,0.00026399181791519465,-0.14318710174117696,0.14318741153753484,0.9899125020750912,5.511445040884743e-05,-0.00017207109735127527,-4.2762166140554136e-05,0.9896600259092109,-2.7223160929779384e-05,0.00038344397226750026,-0.00043310067376040886,1.0210320898022114,0.9999999606242482,4.944984667602098e-05,-0.0002762357945089225,-4.93940838708698e-05,0.9999999784043908,0.00020186986366183164,0.00027624577097742984,-0.00020185621129935414,0.9999999414711697,0.989912571133516,6.111455685738759e-06,0.00010998605092724366,6.111455685738759e-06,0.9896600946863613,-0.00023333333849430687,0.00010998605092724407,-0.000233333338494306,1.0210320720790573,0.9799269106224501,1.2072407211382482e-05,0.00022117443393387,1.2072407211382482e-05,0.9794271574964162,-0.00046916084377939384,0.00022117443393387,-0.00046916084377939384,1.042506558755434,1.0210341957873554,0.9899123717997333,0.9896581703118476,0.0035324916019370016,-0.007436192093819401,0.9999661117009048,0.9996218979733308,0.02729438577743518,-0.0033283024544868687,0.02726871092072384,-0.9995997796879394,-0.007529797643058436,1.0210321046644097
38,0.0,0.0,23.800000000000054,3.800000000000054,324999999999999.8,8.186674423909049e-05,0.00024009461900085312,-0.1410689209099645,0.14106914898124148,0.989972972020289,5.119944973225268e-05,-0.00020892788457000478,-6.183323823529136e-05,0.9897322280946007,-7.93082987310154e-06,0.0005911181878406577,-0.0004189462540576037,1.0208856444819119,0.999999919226549,5.711321598000224e-05,-0.00039785044339546655,-5.7031883491182045e-05,0.999999977476203,0.0002044381511549986,0.00039786211055451955,-0.00020441544448136957,0.9999998999600281,0.989973130766751,-5.413530364303809e-06,0.00019724430176457127,-5.413530364310748e-06,0.9897322943653223,-0.0002166275550193903,0.00019724430176457037,-0.00021662755501938944,1.0208856238532278,0.9800468385747453,-1.0759923982178763e-05,0.00039663160372190314,-1.0759923982178763e-05,0.9795700614664502,-0.0004355563114905472,0.00039663160372190314,-0.0004355563114905472,1.0422075428230075,1.0208883889898968,0.9899719396412596,0.9897307203541462,0.0063810937631281405,-0.0069537743350334335,0.9999554623406401,-0.9998392130271416,0.0167135439205781,0.006496579321576478,0.016757975285020935,0.9998361378106473,0.006846005567838564,1.0208856658916352
39,0.0,0.0,23.900000000000055,3.9000000000000554,324999999999999.8,2.263015554205064e-05,0.00021822429440251446,-0.13896432336097037,0.13896449654907883,0.9900334419654864,4.7284449055657964e-05,-0.00024578467178873453,-8.090431033002854e-05,0.9898044302799905,1.1361501183576291e-05,0.0007987924034138142,-0.0004047918343547986,1.0207391991616124,0.9999998629744615,6.47781456641211e-05,-0.0005194755523955509,-6.467061802242768e-05,0.9999999764829446,0.00020700681547723958,0.0005194889496965621,-0.0002069731923069239,0.9999998436466521,0.9900337265015803,-1.693710652515834e-05,0.0002844773616214051,-1.693710652515834e-05,0.9898044938467618,-0.00019992007112278574,0.00028447736162140686,-0.00019992007112278574,1.0207391695966581,0.9801668608248393,-3.358960358564126e-05,0.0005720227543692205,-3.358960358564126e-05,0.979712976294145,-0.0004019528504131339,0.0005720227543692205,-0.0004019528504131339,1.0419085732442783,1.0207430987416273,0.9900320852037539,0.9898022059996184,0.009266510592323394,-0.006466492461446867,0.999936156090322,-0.9977886960311162,0.06575844530507667,0.009671863501098221,0.06581679006122268,0.9978146177253114,0.005842841751049206,1.0207392288161938
40,0.0,0.0,24.000000000000057,4.000000000000057,324999999999999.75,-2.531122093380161e-05,0.00019943979922513433,-0.13688660958495252,0.13688675721396368,0.9901015809934227,4.4051568467877076e-05,-0.000269052139540778,-9.294697247213204e-05,0.9898832511733675,2.5035584859332514e-05,0.0009444099111384622,-0.0003932251920883947,1.020578937854571,0.9999998155020517,6.923384530431453e-05,-0.0006034919527281341,-6.91082895041828e-05,0.99999997596604,0.000208067209375413,0.0006035063435168687,-0.00020802546469059907,0.9999997962527287,0.9901019747024908,-2.4594891854856638e-05,0.0003468720429872584,-2.4594891854856638e-05,0.9898833122332663,-0.00018728945105806957,0.0003468720429872584,-0.0001872894510580713,1.020578897494283,0.9803020412348952,-4.876248948086806e-05,0.0006974535882982175,-4.876248948086806e-05,0.9798690075201486,-0.0003765468949123972,0.0006974535882982175,-0.0003765468949123972,1.0415814414081987,1.0205839907239522,0.9901003398030579,0.9898798539030303,0.011383543229409978,-0.006109109203726044,0.9999165433816369,-0.9946704971546435,0.10241001611315592,0.011949505840718069,0.10247447015569998,0.9947235130348668,0.004910761843294302,1.0205789736263424
41,0.0,0.0,24.10000000000006,4.100000000000058,324999999999999.75,-2.6239705650281647e-05,0.00018603604482105376,-0.1348695346694778,0.1348696655289602,0.9901954437030402,4.3106659027477484e-05,-0.00024673823333505243,-8.14149012977626e-05,0.9899842725753589,1.9864910673237203e-05,0.0008818764504526001,-0.0003903384878672578,1.0203723348848863,0.9999998404764182,6.292144178818293e-05,-0.0005613270261011739,-6.280690189318372e-05,0.9999999772059185,0.00020406728110244042,0.0005613398535137435,-0.0002040319933377067,0.9999998216342416,0.9901957858893312,-1.9290305482103087e-05,0.00032603621536585425,-1.9290305482103087e-05,0.9899843323634492,-0.0001883392163386415,0.000326036215365856,-0.00018833921633864235,1.0203722954400185,0.9804878010647208,-3.825968479594683e-05,0.000655521641092867,-3.825968479594683e-05,0.9800690141688817,-0.0003786352811788239,0.000655521641092867,-0.0003786352811788239,1.0411597630728051,1.0203769871846713,0.990193677912111,0.989981748596017,0.010805751765531647,-0.0062032436395695195,0.9999223747357241,-0.9965942445043671,0.08168690996516573,0.011276549166862224,0.08175052017908697,0.9966387352038307,0.0052994284368755645,1.0203723649103817
42,0.0,0.0,24.20000000000006,4.20000000000006,324999999999999.75,-2.762372051145546e-05,0.00017433698397364134,-0.13287001647492186,0.13287013371898113,0.9902893064126579,4.216174958707792e-05,-0.00022442432712932697,-6.988283012339314e-05,0.9900852939773503,1.4694236487141697e-05,0.0008193429897667382,-0.0003874517836461216,1.020165731915202,0.9999998636354469,5.6610577219340374e-05,-0.0005191573279597223,-5.6506717398978334e-05,0.9999999783900724,0.00020006710293673634,0.0005191686426550348,-0.0002000377397784487,0.9999998452243996,0.9902896006983372,-1.3985878882856462e-05,0.00030521293147279675,-1.3985878882856462e-05,0.9900853524734594,-0.000189390115833272,0.0003052129314727968,-0.00018939011583327288,1.020165693469806,0.9806735866018079,-2.7755088553760442e-05,0.0006136196027151135,-2.7755088553760442e-05,0.9802690412467141,-0.00038072594711533337,0.0006136196027151135,-0.00038072594711533337,1.0407381711562789,1.0201700051184743,0.9902871981732367,0.9900834433498894,0.010216697394060751,-0.006299536339028257,0.999927964873606,-0.9981875108222193,0.059244601280468594,0.010572154825766794,0.059306933261705025,0.9982236187653664,0.0056828343340773555,1.020165756706369
43,0.0,0.0,24.30000000000006,4.300000000000061,324999999999999.8,-2.946326551731904e-05,0.0001643426166828988,-0.13088805500128467,0.13088816149140073,0.9903831691222753,4.1216840146678335e-05,-0.00020211042092360118,-5.835075894902368e-05,0.9901863153793417,9.523562301046156e-06,0.0007568095290808768,-0.0003845650794249855,1.0199591289455172,0.9999998849785618,5.0301251307151296e-05,-0.00047698285773426196,-5.020773560907715e-05,0.9999999795185207,0.00019606667469814713,0.00047699271036401054,-0.0001960427039170232,0.9999998670225976,0.9903834191292668,-8.681612059954769e-06,0.00028440219354340906,-8.681612059961707e-06,0.9901863725632977,-0.000190442149824715,0.0002844021935434073,-0.00019044214982471414,1.0199590915844612,0.9808593978461558,-1.7248700754308962e-05,0.0005717474731649568,-1.7248700754308962e-05,0.9804690887536452,-0.0003828188927219245,0.0005717474731649568,-0.0003828188927219245,1.0403166656586187,1.0199630451303472,0.9903809242284053,0.9901849139182736,0.0096160366690506,-0.00639805971817044,0.9999332961106067,-0.9993400511823624,0.03496788680494224,0.009834073175949582,0.035028473298358856,0.9993679561223876,0.00605758484446835,1.0199591490146156
44,0.0,0.0,24.400000000000063,4.4000000000000625,324999999999999.8,-3.17583406678687e-05,0.00015605294294882273,-0.12892365024856625,0.1289237486056306,0.990477031831893,4.027193070627878e-05,-0.00017979651471787588,-4.6818687774654176e-05,0.9902873367813327,4.352888114950791e-06,0.0006942760683950127,-0.0003816783752038486,1.0197525259758324,0.9999999045051912,4.399346377255767e-05,-0.00043480361485461654,-4.390995612243466e-05,0.9999999805912839,0.00019206599620695455,0.00043481205606411,-0.0001920468856574757,0.999999887028228,0.9904772411818888,-3.3775050052326644e-06,0.00026360400381276723,-3.3775050052326644e-06,0.9902873926329713,-0.00019149531859572865,0.00026360400381276376,-0.00019149531859572952,1.0197524897847992,0.9810452347977653,-6.740521397592279e-06,0.0005299052524423935,-6.740521397592279e-06,0.9806691566896754,-0.00038491411799859634,0.0005299052524423935,-0.00038491411799859634,1.039895246579825,1.0197561078502353,0.9904748822788406,0.9902861334705851,0.00900341210398604,-0.006498889432105267,0.9999383496029318,-0.9999205918369037,0.008759175042569406,0.009060180633415345,0.008817516148112263,0.9999405188753594,0.00641951090463434,1.0197525418354323
45,0.0,0.0,24.500000000000064,4.500000000000064,324999999999999.8,-3.45089459631116e-05,0.00014946796277141597,-0.1269768022167666,0.12697689487751349,0.9905708945415104,3.932702126587918e-05,-0.0001574826085121502,-3.52866166002847e-05,0.990388358183324,-8.177860711446546e-07,0.0006317426077091513,-0.000378791670982712,1.0195459230061479,0.9999999222147598,3.7687214329260726e-05,-0.0003926195987507523,-3.761337853064664e-05,0.9999999816083822,0.00018806506728206388,0.00039262667917804787,-0.00018805028490363924,0.9999999052406859,0.990571066855966,1.92644228222405e-06,0.0002428183645169908,1.9264422822275196e-06,0.9903884126824876,-0.00019254962243065755,0.00024281836451699082,-0.00019254962243065755,1.0195458880716373,0.9812310974566358,3.769449516389427e-06,0.00048809294054742984,3.769449516389427e-06,0.9808692450548048,-0.0003870116229453503,0.00048809294054742984,-0.0003870116229453503,1.0394739139198987,1.0195491939343417,0.9905691009632829,0.990387072712466,0.008378451450649202,-0.006602104556286688,0.9999431052648533,0.9997768147120877,0.01944943811984831,-0.008248643583910083,0.01939387314184846,-0.9997890435348096,-0.006763587236710478,1.0195459351691314
46,0.0,0.0,24.600000000000065,4.600000000000065,324999999999999.9,-3.771508140303992e-05,0.00014458767615067622,-0.12504751090588573,0.1250476001840142,0.9906647572511278,3.838211182547962e-05,-0.00013516870230642484,-2.3754545425915224e-05,0.9904893795853155,-5.988460257239985e-06,0.0005692091470232878,-0.0003759049667615751,1.0193393200364633,0.9999999381066913,3.138250269261317e-05,-0.0003504308088522846,-3.131800242691524e-05,0.9999999825698329,0.00018406388774453147,0.00035043657912971573,-0.00018405290156009273,0.9999999216593632,0.990664896151259,7.230229804935928e-06,0.00022204527789239397,7.230229804935928e-06,0.9904894327118463,-0.0001936050616115504,0.00022204527789239663,-0.0001936050616115504,1.0193392864457904,0.9814169858227674,1.4281211987636274e-05,0.00044631053748006046,1.4281211987636274e-05,0.9810693538490337,-0.0003891114075621855,0.00044631053748006046,-0.0003891114075621855,1.0390526676788392,1.0193423040665015,0.9906636110166335,0.9904877002257637,0.0077407669332861745,-0.006707787780018353,0.9999475416792538,0.9987377172619295,0.04968138246870407,-0.007398131820162555,0.04962915116863037,-0.9987425923725756,-0.0070838926579050165,1.0193393290160246
47,0.0,0.0,24.700000000000067,4.700000000000067,324999999999999.9,-4.137674698766452e-05,0.00014141208308660557,-0.12313577631592357,0.12313586446822712,0.9907586199607454,3.7437202385080036e-05,-0.00011285479610069905,-1.2222474251545755e-05,0.9905904009873068,-1.1159134443335533e-05,0.0005066756863374262,-0.00037301826254043896,1.0191327170667788,0.9999999521804127,2.5079328579410975e-05,-0.00030823724458958464,-2.5023827405920573e-05,0.99999998347566,0.0001800624574140727,0.00030824175534170054,-0.00018005473552748247,0.9999999362836546,0.9907587290675336,1.2533857566596196e-05,0.00020128474617494587,1.2533857566596196e-05,0.9905904527210584,-0.00019466163642048884,0.0002012847461749476,-0.0001946616364204897,1.0191326849080768,0.9816028998961608,2.479476601614821e-05,0.0004045580432402896,2.479476601614821e-05,0.9812694830723615,-0.0003912134718491033,0.0004045580432402896,-0.0003912134718491033,1.0386315078566464,1.0191354389596528,0.9907584446391501,0.9905879830978664,0.007089954434839335,-0.006816025613048936,0.9999516360009388,0.9966193909439776,0.08189892884551447,-0.006508075630544773,0.08185060867544218,-0.9966173324043821,-0.007373642968912379,1.0191327233764238
48,0.0,0.0,24.800000000000068,4.800000000000068,324999999999999.94,-4.5493942716973244e-05,0.00013994118357920266,-0.1212415984468802,0.12124168774472018,0.9908524826703629,3.649229294468049e-05,-9.054088989497369e-05,-6.904030771762797e-07,0.9906914223892981,-1.632980862943102e-05,0.0004441422256515632,-0.0003701315583193027,1.018926114097094,0.9999999644353488,1.877769170471888e-05,-0.0002660389053924108,-1.8730853060380803e-05,0.9999999843258788,0.00017606077611022862,0.0002660422072374431,-0.00017605578671324885,0.9999999491129503,0.9908525656045494,1.7837325569133866e-05,0.0001805367716026015,1.783732556911999e-05,0.990691472710124,-0.0001957193471429676,0.0001805367716026015,-0.00019571934714296933,1.0189260834593101,0.981788839676815,3.53101116019253e-05,0.00036283545782811347,3.53101116019253e-05,0.9814696327247885,-0.0003933178158061026,0.00036283545782811347,-0.0003933178158061026,1.0382104344533196,1.01892859935739,0.9908536345180651,0.9906878878985291,0.006425592631811251,-0.006926908606544949,0.9999553638520504,0.9932351321908679,0.11598641102384265,-0.005578946100957304,0.11594258898748368,-0.9932266460355175,-0.0076253304135618484,1.0189261182506413
49,0.0,0.0,24.90000000000007,4.90000000000007,324999999999999.9,-5.00666685909726e-05,0.00014017497762846442,-0.11936497729875561,0.11936507010523681,0.9909463453799803,3.554738350428087e-05,-6.822698368924817e-05,1.084166809719319e-05,0.9907924437912893,-2.1500482815526167e-05,0.0003816087649657,-0.0003672448540981647,1.0187195111274092,0.9999999748709241,1.247759178504837e-05,-0.0002238357906905325,-1.2439078984655128e-05,0.9999999851205119,0.00017205884365358807,0.00022383793423995965,-0.00017205605501852302,0.9999999601466455,0.9909464057620713,2.3140633815754708e-05,0.00015980135641216475,2.3140633815782463e-05,0.9907924926790515,-0.00019677819405978722,0.00015980135641216584,-0.00019677819405978635,1.0187194821003114,0.9819748051647305,4.58272487449674e-05,0.00032114278124353374,4.58272487449674e-05,0.9816698028063143,-0.0003954244394331814,0.00032114278124353374,-0.0003954244394331814,1.0377894474688596,1.018721786035637,0.990949212478588,0.9907873820272102,0.005747242073883623,-0.007040531589162759,0.9999586992088655,0.9884102484962266,0.15173630196458965,-0.004612519239898061,0.1516975605478601,-0.9883959356356404,-0.007830998836376873,1.0187195136389897
