X,Y,Z,u,v,w
65.40731811523438,77.83781433105469,24.85797691345215,-0.8934474145771439,0.6332622879479644,-1.8212704018908497
65.89776611328125,74.88140106201172,25.705183029174805,-0.6632470369145297,0.34225316471049183,-1.6079934383206762
66.60662078857422,77.68403625488281,26.202777862548828,-0.8224760321833657,0.4924735968498055,-1.7797748276757837
62.67766189575195,76.71731567382812,24.676742553710938,-0.9774947895181798,0.721428899356674,-1.706004151610248
62.21617126464844,75.60682678222656,25.0053653717041,-0.8913107679454378,0.6316391431669004,-1.5610159134900385
63.580406188964844,75.81444549560547,24.45952796936035,-0.8619610592461737,0.6094646169092854,-1.6569597229216164
64.81295776367188,75.90087890625,24.979103088378906,-0.7986889959622614,0.5240694588737327,-1.6834279684426185
61.29327392578125,72.3403091430664,23.89837646484375,-0.6117144978594273,0.377371226335228,-1.1394719903566717
61.84670639038086,74.11164855957031,25.627031326293945,-0.7499725678464247,0.4888710794206901,-1.3581952735668992
59.899696350097656,72.755615234375,24.729637145996094,-0.6522087701696972,0.4350900235988959,-1.0835174871862066
63.54541015625,78.97358703613281,25.563859939575195,-1.0876866252671613,0.7956165424581059,-1.8758519896791448
59.930084228515625,71.46649932861328,25.240365982055664,-0.5208621268710694,0.3088550074665548,-0.9328039284495659
65.78510284423828,73.31965637207031,24.95909881591797,-0.5377923101343265,0.23311107262831143,-1.4758044705927134
62.867958068847656,72.71936798095703,26.46979522705078,-0.5890818713527479,0.2843944695608229,-1.237703545822427
61.392765045166016,78.08232116699219,26.45639991760254,-1.1126625679857403,0.8042063300355409,-1.7088456748347198
60.270362854003906,76.58232879638672,26.239009857177734,-1.000251357973411,0.7335167883069147,-1.5001133259062733
67.58776092529297,73.18771362304688,25.57962417602539,-0.451107263290514,0.09659711683353578,-1.50966319823101
64.95320892333984,79.52758026123047,27.60382652282715,-1.0511806502308034,0.6688472027523176,-1.876670779635372
61.19811248779297,70.93827819824219,26.21902084350586,-0.45582407631750255,0.20427558233503618,-0.9287574906308471
64.31294250488281,72.70616149902344,26.75672149658203,-0.5511540047025111,0.19265427353006004,-1.3077064097254478
67.6351547241211,77.35792541503906,26.322603225708008,-0.7461265099566674,0.40125560162196905,-1.7420742808781817
59.33070373535156,72.25466918945312,26.754545211791992,-0.564922383581992,0.38811419448545337,-0.9536630172207552
59.648109436035156,74.97442626953125,25.818012237548828,-0.8564945109509854,0.6268081767190594,-1.2942250088509404
60.17204284667969,73.95218658447266,26.29047203063965,-0.7434357942694687,0.5222170022904677,-1.213055715386755
65.93419647216797,71.41072845458984,26.921998977661133,-0.40496046865811763,-0.03458845107965658,-1.2317095875665913
58.7066650390625,75.89698028564453,27.00733184814453,-0.9250301469721236,0.7039183441274517,-1.290309301858528
69.8270263671875,75.44683074951172,27.980270385742188,-0.5795990163460496,0.13178514837971278,-1.6086253900415066
66.1904296875,69.9237060546875,27.097694396972656,-0.29823196009617314,-0.18839074946909307,-1.0526090279777485
65.4202880859375,68.08702087402344,25.192859649658203,-0.20371779424912528,-0.21179700398205625,-0.8356845642284441
66.6317367553711,67.89720153808594,25.40829086303711,-0.1659003593433554,-0.2888181953767699,-0.8466881995340287
67.01893615722656,79.24537658691406,29.827869415283203,-0.9165045540729433,0.422672349539603,-1.8344052860242428
62.44355010986328,81.02134704589844,29.526914596557617,-1.2995675531496078,0.8591743671390901,-1.9238673592484474
68.52899169921875,72.19190216064453,27.380714416503906,-0.37744791934586536,-0.11854449712732418,-1.4017481239483622
59.431522369384766,78.22727966308594,26.89369773864746,-1.1459512004348265,0.8385618556026841,-1.5684503574875706
67.40312194824219,67.64933776855469,27.41954231262207,-0.14508224625712973,-0.40356840216755785,-0.7911443417340429
65.41143035888672,66.7150650024414,26.933460235595703,-0.131537290485148,-0.32922753496062995,-0.6010528077280455
58.33427810668945,74.24964904785156,28.877771377563477,-0.7050743284630576,0.6123643819483107,-1.0664032218739123
58.05076599121094,77.27999877929688,27.183528900146484,-1.0490971771580373,0.7804516361967586,-1.3577880071464392
59.7542724609375,70.92936706542969,26.97844123840332,-0.43641795780132075,0.24813577938651576,-0.8209638950129552
59.184898376464844,73.68482971191406,29.080106735229492,-0.6409604230291357,0.516058231176892,-1.0639559862719175
61.89910125732422,70.39418029785156,28.31321907043457,-0.3701207574026563,0.07996963466612073,-0.8363817169066969
67.20024871826172,69.9054183959961,28.099397659301758,-0.28513216701815436,-0.2902916624963652,-1.089702980410454
63.90232467651367,70.9167251586914,28.327457427978516,-0.406337930130462,0.0018078594005146442,-1.0270118974232538
70.50835418701172,73.67657470703125,27.89211082458496,-0.4513677375888756,-0.024462791330705613,-1.5006370918147987
71.07425689697266,74.86569213867188,28.01918601989746,-0.5195758375713158,0.071833842042345,-1.5428714475758483
64.09967041015625,67.82852172851562,28.49265480041504,-0.19047496214043047,-0.2433632260225025,-0.5871505144571039
64.36237335205078,69.76889038085938,30.334762573242188,-0.3012387154074296,-0.1720198654043088,-0.854512939968707
59.19441604614258,72.06442260742188,29.137989044189453,-0.4756066198258141,0.3519238834371379,-0.8766163604115533
68.28876495361328,71.0411605834961,28.204343795776367,-0.3200121643815089,-0.25227671527736106,-1.2799949229944616
70.43359375,71.98019409179688,29.85430145263672,-0.3680708454125119,-0.19167801684102415,-1.4298945697962289
57.464134216308594,76.731689453125,28.519392013549805,-0.9560045331667446,0.753124167363751,-1.2447684424336813
68.8143310546875,77.91139221191406,28.908946990966797,-0.7522442449139886,0.28422553476116263,-1.7351326181366424
60.15277862548828,80.75691986083984,29.503507614135742,-1.3031812432471597,0.8995504985890719,-1.7769746009391945
73.09602355957031,75.65602111816406,31.97820281982422,-0.5241178258192764,0.11360679274068275,-1.6816415386972672
65.68383026123047,80.40177917480469,32.6124267578125,-0.9461663665007362,0.3945730546479851,-1.903449119902021
70.9068374633789,76.9461441040039,32.005653381347656,-0.6038770586305005,0.09965396408973248,-1.714898335365067
59.60870361328125,71.02759552001953,29.96832847595215,-0.35195739283867733,0.21551116790249836,-0.7555151341612216
66.25972747802734,66.54313659667969,29.522647857666016,-0.11225441269450281,-0.43268019472942143,-0.4793570902125701
59.96762466430664,81.77239990234375,30.66518783569336,-1.2878757290253475,0.8784860281858684,-1.7844326871323055
57.602073669433594,77.73745727539062,29.764190673828125,-0.9906832597400532,0.7786471476441648,-1.3403128590472235
63.69143295288086,81.36662292480469,31.191423416137695,-1.25330339083814,0.7681027706103905,-2.0021880507612124
64.78217315673828,66.80736541748047,31.274934768676758,-0.09237198629452598,-0.34919933878081366,-0.39331121430202387
72.52153015136719,72.6397933959961,30.04444122314453,-0.37949218003759516,-0.05330674220370213,-1.4625903189557121
70.36859130859375,78.68207550048828,32.54643630981445,-0.666741890726964,0.07613533955564122,-1.7320602059486738
58.47502136230469,80.87899780273438,32.11534881591797,-1.0337354938202068,0.7846516757937749,-1.6012638079226775
58.60915756225586,79.79936981201172,31.56011199951172,-1.0318879150265376,0.7889120654861728,-1.5703745303688876
63.659732818603516,70.51512908935547,30.60645866394043,-0.33343397143292786,-0.06855975865377673,-0.9111613180198717
68.37388610839844,69.57693481445312,32.05364990234375,-0.3800187130108151,-0.41822564149735086,-1.1685412650948663
57.5758056640625,82.11900329589844,30.846311569213867,-1.2035455031093212,0.8747120203677312,-1.555972426395936
58.584068298339844,83.17680358886719,30.595645904541016,-1.3055113733362296,0.8871976179705285,-1.6642337620825671
70.16714477539062,70.29090881347656,31.0828857421875,-0.33681572608294086,-0.3473982648175422,-1.2786132783550208
67.92539978027344,80.46780395507812,32.73991012573242,-0.8199626671328558,0.17338159527056973,-1.8231946412598425
57.41149139404297,75.94734191894531,31.244909286499023,-0.746732435299071,0.6465439681676131,-1.1560869922477721
67.68424987792969,67.48699951171875,32.68819808959961,-0.20904139776066016,-0.4196418526768184,-0.7937185265953524
61.060020446777344,82.21540832519531,32.9021110534668,-1.0579569918941614,0.6510597449967008,-1.823635077862761
62.406166076660156,70.62493896484375,32.70077896118164,-0.21929895435285296,0.00010983370838602013,-0.827703607702837
71.47906494140625,70.31289672851562,32.35737991333008,-0.29316050295230317,-0.24476871326933036,-1.273329634406295
57.15576934814453,83.31629943847656,32.60786819458008,-0.9896575266230139,0.7445987566945007,-1.4535882715189565
59.717369079589844,73.02079010009766,32.544559478759766,-0.3855516807671874,0.3008255470314225,-0.9824828915061623
64.68647766113281,67.59873962402344,33.14989471435547,-0.07120731098828137,-0.2601453576735935,-0.5446825387630057
63.54871368408203,70.5507583618164,33.400428771972656,-0.18944258312946932,-0.06615689561164118,-0.8862101282371135
56.9853515625,77.35771179199219,33.46147918701172,-0.6401099909302356,0.6406711635026383,-1.2573469805411648
74.04381561279297,72.42112731933594,34.30194091796875,-0.30216244798118114,-0.02373400932917491,-1.4501129561689083
57.885581970214844,83.95681762695312,32.79574966430664,-0.9733101831257396,0.6818262275273241,-1.4861484020650444
59.68096923828125,83.4696044921875,33.64520263671875,-0.8930219692305263,0.5408241430876188,-1.6460684125673026
57.87834548950195,75.04476165771484,33.81125259399414,-0.4299116152578631,0.4423279359366532,-1.081869162919606
69.73162841796875,79.81171417236328,35.00205612182617,-0.5295224843136177,-0.08024595581446192,-1.6962956164548153
63.91061019897461,82.073974609375,35.1536979675293,-0.6649230175578793,0.07945205185567517,-1.8417847571676518
57.347557067871094,78.49960327148438,33.464080810546875,-0.7172206758791102,0.6881198455478241,-1.3857524071088676
71.87833404541016,79.00469970703125,33.69867706298828,-0.5921293287784499,-0.006328036723374453,-1.6791181447257202
74.1299819946289,75.1784896850586,33.379676818847656,-0.4767081780084027,0.08732639505470985,-1.6702490442472815
56.848876953125,76.24029541015625,35.48508834838867,-0.2659594359857365,0.43683000018987883,-1.1102623781389447
68.40937805175781,80.95057678222656,36.076786041259766,-0.42963274016623354,-0.19249634062018828,-1.6766902987339307
65.4274673461914,69.48275756835938,34.58930206298828,-0.09371447017004159,-0.17947490463248528,-0.8610164967262648
66.0183334350586,67.00180053710938,33.43010711669922,-0.06747015456771388,-0.30451998340810604,-0.5736396823484711
58.22844696044922,81.63800048828125,36.225013732910156,-0.40954004587162474,0.3523304154270548,-1.578399885044007
66.19567108154297,81.35201263427734,36.59898376464844,-0.35547408179855833,-0.2333583597525717,-1.717238971750799
75.0294418334961,78.5128173828125,35.62324523925781,-0.4631009376517437,0.017452968122370294,-1.5584097116700768
57.24778747558594,82.17208099365234,33.88395690917969,-0.8021193115626459,0.6762437612064005,-1.4763614168880892
58.16219711303711,83.63969421386719,35.47412872314453,-0.5384132327055723,0.35418377667406986,-1.455898588310884
69.29409790039062,69.50048065185547,34.49341583251953,-0.18668947043593004,-0.2704356631227398,-1.0785652594013833
73.07144927978516,69.49851989746094,33.90139389038086,-0.18778865537583256,-0.20716812790264072,-1.1181629136913145
68.09222412109375,69.31885528564453,34.704532623291016,-0.14839689386434318,-0.25934234928622146,-0.9979566778166458
57.3548469543457,83.00338745117188,35.78652572631836,-0.47497761111013326,0.40093791028493797,-1.4097627778083783
60.76100540161133,82.38072204589844,36.48759078979492,-0.38828879354940393,0.0734614188303837,-1.7104147355450934
76.23640441894531,74.60311889648438,34.83050537109375,-0.3861506030023064,0.04728675914495284,-1.4732090246040173
75.48783111572266,80.97367095947266,38.02903366088867,-0.2915429723594613,0.006882522828156823,-1.2165017240937352
62.12502670288086,82.43325805664062,36.38288879394531,-0.41296279465738384,-0.03666194170286019,-1.748487070320273
76.53748321533203,76.830322265625,36.351985931396484,-0.3807692445057094,0.06708859877180373,-1.4828809507147582
62.03929901123047,71.47441101074219,35.399620056152344,-0.029977970860752656,0.04350878531020186,-0.8976703008821971
66.7325210571289,69.23831176757812,35.642906188964844,-0.026975119076025955,-0.1909215411292564,-0.8873505067123126
58.842430114746094,73.8270492553711,38.976707458496094,0.4406554973130917,0.07496919156213977,-0.8937016426918589
56.34165954589844,77.4930648803711,37.37289810180664,0.04286147644979049,0.32064608902095415,-1.112292921431159
74.47048950195312,69.46487426757812,36.40329360961914,-0.11471008116930986,-0.21630322531461132,-1.042351107440652
76.01921081542969,71.4953842163086,37.24013900756836,-0.17681614234051257,-0.11870475109864742,-1.18486104181531
69.65828704833984,81.66265869140625,39.2913932800293,-0.01567156223741223,-0.3407300469159509,-1.408429466812354
72.53304290771484,80.99761962890625,36.462806701660156,-0.39277245852483195,-0.1461114175149163,-1.4861975230936757
72.72990417480469,68.79661560058594,35.38425827026367,-0.10853803727787659,-0.23733361666450037,-1.0048771781438361
71.65650177001953,68.1580810546875,37.826969146728516,0.035052401079083306,-0.26917123980554436,-0.8693521482059907
77.52761840820312,79.8764419555664,39.028900146484375,-0.31254821542495775,0.12990252933803959,-1.0503136542845688
68.17666625976562,69.4716796875,35.95973205566406,-0.04398899769702613,-0.20789884368463163,-0.9759265085598798
57.03519821166992,79.7970962524414,37.41949462890625,-0.06923345682123039,0.3104314233921883,-1.388036682318667
77.4412612915039,74.47449493408203,37.63888931274414,-0.2530623088602867,0.04990733135655745,-1.2779002579273673
58.505340576171875,81.5710678100586,38.85300064086914,0.1726868489830371,-0.04558048436440032,-1.5231932292940016
66.49384307861328,69.5627670288086,37.76296615600586,0.17009926243786078,-0.1351157832210106,-0.8587911679885423
64.26655578613281,70.33104705810547,36.53544235229492,0.09152975187107476,-0.07237216104601174,-0.8654667678439729
66.63602447509766,82.40312194824219,39.94903564453125,0.20717917927414442,-0.5400524277507088,-1.4456857031819261
75.2613754272461,67.06487274169922,36.41944122314453,-0.03694813855859491,-0.29758793773156356,-0.7458562207041588
76.09561157226562,66.08908081054688,36.347991943359375,-0.008699239507724721,-0.3196774587568285,-0.6197096007914134
76.65933227539062,67.24897766113281,35.92682647705078,-0.05815730525070223,-0.2630431643923572,-0.7259079105727402
60.041900634765625,81.55511474609375,40.23006820678711,0.5433546448158266,-0.359917922901694,-1.46199535140763
73.33039855957031,83.18431854248047,40.707454681396484,-0.03320426952643418,-0.10294946211414668,-1.0676197235556835
77.17731475830078,66.03266143798828,37.7376708984375,-0.009270168439441229,-0.37336894971046775,-0.5682518987333189
74.68196105957031,68.24981689453125,38.01634216308594,-0.05176725442729746,-0.3209281246730953,-0.8874983792343087
77.11851501464844,72.210693359375,38.054988861083984,-0.21334839411446127,-0.07186120308386279,-1.1525477953255
77.41472625732422,66.36589050292969,38.37405014038086,-0.027510521842633362,-0.3824027498548972,-0.5915159837784714
76.23983001708984,68.90247344970703,39.33775329589844,-0.12668335922725515,-0.3504207498674816,-0.9297846461218064
71.78085327148438,82.26788330078125,39.204349517822266,-0.10395860991328415,-0.23435174862405006,-1.294579060458826
64.40376281738281,83.33805084228516,40.73303985595703,0.44627880601900066,-0.6667425890608953,-1.4051452550844168
57.49631118774414,80.69438934326172,39.3027229309082,0.36061923468204593,-0.018737001166336142,-1.324447995459149
61.64806365966797,71.55852508544922,39.0445442199707,0.4454100474198197,0.014376818763295773,-0.8103861056580897
77.91799926757812,79.110595703125,39.19073486328125,-0.33124631864076415,0.14913517312932356,-1.043571087618968
75.33060455322266,84.19155883789062,42.861854553222656,-0.00997789633233609,0.17237656365205822,-0.7835561599620355
59.065185546875,73.9831771850586,41.25078201293945,0.8681257504046755,-0.04378917469441035,-0.8326608822136663
75.22728729248047,65.70128631591797,39.07098388671875,0.034182872121880425,-0.4446270096053979,-0.5601875114734547
62.099483489990234,82.87252044677734,41.64241409301758,0.799445279960237,-0.6878119174813904,-1.3577481494625907
77.44700622558594,67.38493347167969,38.35594177246094,-0.07298986902220012,-0.3352425724670951,-0.7015146220504676
77.09647369384766,70.72894287109375,39.89800262451172,-0.22938542106772808,-0.2255728262332326,-1.029158943246884
69.0770492553711,68.70864868164062,40.97029495239258,0.3291355581259524,-0.22346716361638386,-0.762178307962742
63.223697662353516,70.3013687133789,41.854976654052734,0.7941399837970469,-0.0022212558297596274,-0.6731684411188823
78.44231414794922,75.2166519165039,42.07150650024414,-0.5663246050860735,0.20754791129120065,-0.9238319908025581
76.14483642578125,65.42705535888672,39.83632278442383,0.02225113397254913,-0.490305926873873,-0.4981755104777683
76.43611145019531,83.58611297607422,42.63780212402344,-0.12778884434554888,0.22083203559506615,-0.7741642460316775
65.71910095214844,69.6908187866211,40.4447021484375,0.4799003969186237,-0.09617873611303907,-0.7596085290015715
59.59368896484375,80.63860321044922,41.58918380737305,1.0065241635397795,-0.4942726842507881,-1.2927132363814735
57.60978698730469,77.67205810546875,40.38825225830078,0.7198026431326328,-0.08214241886553708,-1.0837451042359127
70.79290771484375,67.41739654541016,41.26329040527344,0.2467696855546322,-0.3108817942451694,-0.6691133917852845
78.32887268066406,71.5392837524414,42.616939544677734,-0.4708361871011049,-0.08340831511188895,-0.8646472814987121
73.76020050048828,66.7624282836914,41.06612014770508,0.06174083806833164,-0.4669923481406215,-0.6851462984689896
58.55560302734375,75.59605407714844,41.74082565307617,1.0128438056537836,-0.1499836293003014,-0.9235615114870583
77.0166015625,68.92506408691406,41.454837799072266,-0.22123361807633224,-0.4366936123922258,-0.9395296278634824
66.24153137207031,82.90677642822266,43.159751892089844,0.738314135214303,-0.6330802543185996,-1.208806738923787
77.09849548339844,65.94573211669922,40.7026252746582,-0.033544237708406255,-0.4837828368839965,-0.5329234557749203
77.53202056884766,67.48055267333984,42.454139709472656,-0.1666388457636786,-0.4633140354565768,-0.6760130201719043
60.78321075439453,81.0421371459961,43.372039794921875,1.5154865267711575,-0.8146124469626841,-1.232457019018593
60.38914108276367,72.36974334716797,43.454254150390625,1.2084958852709968,0.003856608823582519,-0.6733818660655402
69.08544921875,82.59138488769531,43.13214111328125,0.4812043836900253,-0.39667842446785073,-1.1298013320851368
71.88246154785156,83.72700500488281,43.10205841064453,0.2554803894971258,-0.1356825791286269,-0.955119020920904
58.56563949584961,77.63772583007812,42.53297424316406,1.2989415973625364,-0.3787850370990924,-1.0351915960785583
74.47062683105469,66.10474395751953,43.76352310180664,0.10119856190271775,-0.5205645153333549,-0.4365281852594727
78.5694808959961,80.2977294921875,42.845951080322266,-0.4226903287252537,0.31688260025183723,-0.7452849382248594
63.273807525634766,83.06007385253906,43.721012115478516,1.1354852433621025,-0.8307010936887522,-1.2253669935969178
77.76361846923828,81.76895141601562,42.22586441040039,-0.2870425112829514,0.2557549959266865,-0.7816883033199034
77.3864974975586,66.71186828613281,42.95442581176758,-0.11213746779620715,-0.4836446049454466,-0.5410636163589189
60.00090026855469,80.21064758300781,44.35041046142578,2.0026606030440126,-0.9312271225854118,-1.1572183607797264
58.94110107421875,74.86402130126953,44.93978500366211,1.5787593721768847,-0.25333030513447596,-0.7941713118278919
77.20909118652344,68.67955017089844,43.647666931152344,-0.23207956902715632,-0.42373280849988504,-0.7409143971983276
67.6203842163086,68.28705596923828,43.5139274597168,0.6365544654423654,-0.1675243518420757,-0.5739105274385707
70.19630432128906,66.69549560546875,41.91239929199219,0.3312430306571084,-0.2807095854363766,-0.5417082239437008
78.8320083618164,78.09927368164062,43.61970520019531,-0.6321642044553475,0.3743386798637758,-0.7577745195760563
59.967594146728516,78.70063781738281,46.086883544921875,2.272109803008059,-0.9004706187361435,-1.0804996077708289
71.59989929199219,65.96266174316406,43.738731384277344,0.32555424679883643,-0.38508896864163233,-0.38168690333380084
78.30260467529297,67.13959503173828,43.72378921508789,-0.1769951560378119,-0.40811557869061943,-0.48131442593821916
64.42052459716797,82.4320297241211,45.6965446472168,1.3281629330197184,-0.8149422214465432,-1.1518465167193526
79.40648651123047,74.99658966064453,44.74964141845703,-1.0627304346656112,0.4719470719103427,-0.7198405918013506
68.24740600585938,82.80722045898438,45.44255828857422,0.8051590237888415,-0.45467304602657066,-1.031050322550719
76.26374053955078,66.11483001708984,44.574607849121094,0.004896250485814102,-0.5221130169030843,-0.3450933330106274
65.753173828125,81.94132232666016,47.043094635009766,1.288269714438179,-0.6955384501240687,-1.1018518389164491
78.81417846679688,81.71192932128906,43.78208541870117,-0.38797724463105876,0.3795974740473653,-0.6417626701878838
74.08512878417969,84.49803161621094,44.33406448364258,0.20842544617681413,0.1901894089098235,-0.716746268756836
79.27996826171875,73.50707244873047,43.68372344970703,-0.8140118895196706,0.2561472667476039,-0.7642953188815689
64.88465118408203,68.56538391113281,44.12442398071289,0.921585332443905,-0.012742545312356413,-0.5154069681253404
78.21443176269531,83.45687866210938,44.05813980102539,-0.2743897210385665,0.38620949766006163,-0.6414382950585029
58.66786193847656,75.88511657714844,45.03441619873047,1.6915486608110888,-0.37842781776691226,-0.8595127315243793
79.38737487792969,78.98098754882812,45.41618728637695,-0.6713508977994816,0.4822633977020274,-0.6124080537976688
79.16635131835938,69.59552001953125,45.60559844970703,-0.41878938938000093,-0.1677580743669651,-0.4951720022309303
62.17466354370117,70.7558822631836,44.480472564697266,1.2524667010686514,0.08734368635261802,-0.5878699834934729
68.17729949951172,65.53565216064453,44.48930358886719,0.6326891193789426,-0.16550389928123366,-0.26680559205574994
62.33283233642578,80.70848846435547,44.72563171386719,1.6678398183069607,-0.8838388190602302,-1.2057904270336195
79.30815887451172,67.83731842041016,44.46714401245117,-0.27500602399794444,-0.2960563286974107,-0.4337139081657462
76.72582244873047,85.07135772705078,44.08949661254883,-0.04081334521995461,0.38715871139518754,-0.6216769789460876
69.63750457763672,64.30303955078125,45.564022064208984,0.5696878538114036,-0.2736465742140055,-0.06751668170342029
60.97001647949219,79.78706359863281,46.466148376464844,2.2086635953125286,-0.995305875896868,-1.1438323923452103
66.39871978759766,67.84817504882812,45.564937591552734,0.9040216014825195,-0.10782718824109594,-0.4412327542457639
66.75506591796875,67.00235748291016,46.884071350097656,0.9466337757086027,-0.14947614816310306,-0.3272361168249276
80.28202056884766,81.37887573242188,45.78600311279297,-0.5465565503771356,0.5568364470872282,-0.4425797182836426
61.063079833984375,72.7469253540039,45.73916244506836,1.5325073730434573,-0.040865273332563845,-0.6928203568372346
80.16858673095703,73.71009063720703,45.118324279785156,-1.119875151142584,0.4422032664722835,-0.6428976018914234
75.54412841796875,86.64350128173828,44.769405364990234,0.2847249466961776,0.5260587004618884,-0.39173232707316075
77.73941040039062,86.51795959472656,44.654640197753906,0.04736354403052129,0.6249923464840634,-0.3719152946530251
76.694580078125,86.66984558105469,44.393978118896484,0.1428894900086991,0.5535745679907507,-0.3981505931311986
79.32447052001953,66.14496612548828,44.834449768066406,-0.15260608880939108,-0.38655465513890164,-0.23855221793801462
77.66069793701172,65.99507904052734,44.94145584106445,-0.06200044371593688,-0.4809830748363737,-0.26190619080456656
71.67625427246094,64.73912048339844,46.24797058105469,0.44916157722853534,-0.4486394252504553,-0.03977141522052818
79.52225494384766,85.76081085205078,46.092140197753906,-0.07970319953749905,0.8137084094675728,-0.19582109295490824
80.39734649658203,76.54183959960938,47.09367752075195,-0.9795582999271243,0.5376492965116242,-0.5482064124094883
61.87314987182617,71.73917388916016,46.52431869506836,1.53692468006036,0.027750885965161842,-0.6388782576258478
80.57124328613281,78.0741958618164,48.45656967163086,-0.7294206803252727,0.5276080456702203,-0.46739552791042627
68.26171875,82.9373550415039,47.72711944580078,0.9861044786920872,-0.4340254075594743,-0.9584543745733569
63.714595794677734,69.20274353027344,45.579586029052734,1.1951817890086736,0.057408616768377385,-0.5060903945816051
75.70512390136719,65.76036071777344,45.935001373291016,0.10500172626276438,-0.5506025086725899,-0.16710896127725405
77.00914001464844,87.94135284423828,46.31169891357422,0.6643035349198501,1.1452611903467513,0.23271375024418006
74.55237579345703,87.0909423828125,46.76887512207031,0.6417300868674016,0.7488074186209701,-0.12853635398761654
81.09353637695312,71.67720031738281,47.25246047973633,-0.7423058581203477,0.1443471270950596,-0.43243890070691293
73.39122772216797,64.99190521240234,46.158119201660156,0.3082265135496479,-0.5298834946277395,-0.05915091956558527
63.33152389526367,80.97640228271484,48.27491760253906,1.757331177132821,-0.8747166977970835,-1.1696168864959837
80.25471496582031,63.84675216674805,44.76210021972656,-0.06579552912501291,-0.41866026128019485,0.0025381893345297613
78.92478942871094,63.59955978393555,44.702388763427734,-0.011135174031537798,-0.4826380345315755,0.014238582001052436
81.05687713623047,64.87447357177734,45.84721755981445,-0.14645665889050175,-0.3680010331726322,-0.008077070724777258
68.65127563476562,64.4453125,46.68964385986328,0.7068247574849043,-0.2459876239777472,-0.04095047084297221
80.61451721191406,66.77099609375,47.658226013183594,-0.22186493874726265,-0.3619259824878398,-0.07691536562353463
60.561275482177734,74.89666748046875,46.97932815551758,1.7752892561278666,-0.32969013470003006,-0.8628527786244611
59.88346862792969,76.59528350830078,46.76072311401367,1.9618418365377819,-0.555468279483982,-0.957810395637992
81.81413269042969,72.53271484375,48.67274856567383,-0.7402664187090464,0.16691711647779783,-0.40008663479364515
81.55203247070312,74.97830200195312,48.83808898925781,-0.8404418597899185,0.35720180370839927,-0.4514716484112604
76.535400390625,63.99066162109375,47.89046859741211,0.17237173027254787,-0.6764067284525197,0.2705008596830538
77.9105453491211,62.798343658447266,47.044307708740234,0.09271411982492367,-0.620196322336497,0.3203121604199275
80.19064331054688,86.66761779785156,47.7920036315918,0.11412540573786545,1.1536538814708805,0.21208367627973956
79.02934265136719,87.54834747314453,47.80758285522461,0.46749539414210034,1.3226822928321837,0.37438316321076215
72.83500671386719,84.94259643554688,50.07920455932617,0.6908349035713611,0.34354926588144963,-0.4802579624373138
79.87066650390625,69.41902160644531,47.0370979309082,-0.40936036376963236,-0.17181633655157924,-0.35885452196754386
65.50005340576172,68.28089141845703,47.64236831665039,1.1577576927157878,-0.10174402292602025,-0.4365650191111641
66.86886596679688,81.46839904785156,50.23278045654297,1.3248264855249465,-0.5761858615210969,-1.0680883595327302
71.06379699707031,84.20116424560547,47.430850982666016,0.6830850168036363,-0.035163635033534035,-0.7289678166457385
69.28276062011719,62.35325241088867,47.11164474487305,0.6263994362324486,-0.28596202744726895,0.2337989277718222
75.65250396728516,88.2464828491211,48.966712951660156,0.7822594333518406,1.1650812107833701,0.27200589614466253
63.5749397277832,71.13005828857422,48.36991500854492,1.482756224195815,-0.10486930775086023,-0.6601664920600605
80.80168151855469,81.74618530273438,47.248844146728516,-0.559375277654895,0.6842563623761961,-0.3230930307199351
70.049072265625,62.58909606933594,46.36725616455078,0.549698366005426,-0.31333540845716357,0.1891648222136162
80.46554565429688,69.53073120117188,49.883575439453125,-0.30439586949082775,-0.3155176265261801,-0.23764923921294923
64.64735412597656,69.44135284423828,49.73527908325195,1.3958626825824518,-0.1593579198352657,-0.5438304738228581
71.53363800048828,63.028560638427734,47.856178283691406,0.5164560371534704,-0.5250096463112399,0.31100509405258236
79.9805908203125,62.59196090698242,48.74768829345703,0.039620153671885594,-0.6532723855294762,0.4398598997776624
80.99140167236328,78.97103118896484,50.22974395751953,-0.5985904433805465,0.5686042386449088,-0.3905705010952545
61.67763900756836,74.9333267211914,47.70136260986328,1.7557516765553876,-0.3647332160843888,-0.904920896646086
62.0766487121582,73.26429748535156,48.23265838623047,1.669963649953621,-0.20152607736499561,-0.7987719857183038
61.87165832519531,79.2978286743164,48.41719055175781,1.9931366606480738,-0.8396828560261795,-1.1484662680018651
75.36178588867188,62.060455322265625,48.176353454589844,0.2698223630424849,-0.7326505090511191,0.5985993217174901
79.45567321777344,89.64855194091797,47.16891098022461,0.4045845590523893,1.2365681083942022,0.48630825254131693
80.9101333618164,88.38541412353516,46.50726318359375,0.1047161610902948,1.046775957083959,0.30415820522243564
81.09166717529297,89.7647933959961,46.76237487792969,0.16577141904090137,1.0881361014836202,0.46080624274889104
81.32684326171875,62.95140075683594,50.06617736816406,-0.01573609684161348,-0.6522481064454269,0.4514412096356679
81.68749237060547,65.12905883789062,48.83528137207031,-0.1593601746659048,-0.4536965396310322,0.14941327321883335
65.62902069091797,81.01244354248047,48.48539352416992,1.4278370234928068,-0.6844485489701739,-1.1094170925809266
69.13777923583984,82.900390625,48.76734161376953,0.9543273243773546,-0.3170285523959393,-0.8999216773122249
62.60577392578125,77.56790161132812,48.96411895751953,1.8517527014568642,-0.6478405469680268,-1.0909050201500499
77.10111236572266,88.03138732910156,49.944976806640625,0.6336935407723379,1.3042705447879115,0.35641850173697165
80.60598754882812,85.83296966552734,49.23082733154297,-0.04473818372894056,1.1782238264252882,0.1888755865427889
70.98902130126953,62.311363220214844,49.222408294677734,0.592620017741169,-0.5789734999278409,0.48928604532370557
63.16386413574219,73.44510650634766,49.27806854248047,1.6366363293904762,-0.28996130128225417,-0.849625787879706
81.89964294433594,87.6091537475586,47.63768768310547,-0.04183473660066728,1.0972870510314863,0.3525306388067122
63.131710052490234,75.6852798461914,48.31071853637695,1.694218242000689,-0.46554518800213174,-0.9824966655036924
68.41024017333984,63.089927673339844,49.67224884033203,0.8192411178610364,-0.3761503555519994,0.2429088594572839
75.32115936279297,60.517669677734375,49.516605377197266,0.3010979334464607,-0.8891555503665671,1.0836910047876742
79.74325561523438,90.50445556640625,49.38391876220703,0.4097403629536643,1.4085521747526215,0.7221830962964262
77.74786376953125,61.17359161376953,48.05467224121094,0.15258850787393569,-0.7074045365603041,0.6296325475642632
64.27752685546875,77.69523620605469,48.73539352416992,1.6439185795554652,-0.6111671211934819,-1.084315531545581
66.17656707763672,75.15828704833984,49.664634704589844,1.3893558076978307,-0.4513237520007536,-0.9470075088830825
66.14319610595703,66.81390380859375,51.28818130493164,1.2389997603646346,-0.29748897866622315,-0.25996421967657213
71.44853973388672,84.23018646240234,50.979896545410156,0.8140341096950134,0.06340925088168348,-0.6722100869251975
81.93183898925781,75.86702728271484,51.62490463256836,-0.5941711274031904,0.2457205856603295,-0.42940798445602013
80.72045135498047,77.14590454101562,50.613624572753906,-0.5654896235392413,0.3746022013235759,-0.45639135117764695
67.92508697509766,77.49463653564453,50.18547058105469,1.2201569150462825,-0.4658334368663688,-1.00233252066241
82.41139221191406,87.10318756103516,49.8551025390625,-0.13763653438079332,1.2398600230690278,0.4372653049265409
64.8707504272461,73.03887176513672,50.19264602661133,1.5044172927125175,-0.3542865271403173,-0.833069060095017
82.33145904541016,89.40377807617188,49.14848327636719,0.10711300334635127,1.297061449916285,0.6820801014372968
69.30582427978516,81.3886489868164,50.74287796020508,1.0538670131906478,-0.3266807782437908,-0.947226120825043
65.26995849609375,71.1699447631836,51.49676513671875,1.4670355437762996,-0.3531589874798726,-0.7009962881190468
69.80550384521484,62.185401916503906,51.245513916015625,0.7368563405743913,-0.6138970940604125,0.5363739602289179
67.83202362060547,65.24321746826172,51.57804870605469,1.040271976408058,-0.4633203767554974,0.013385132522724774
73.31617736816406,60.15262985229492,50.25751495361328,0.4177486851114267,-0.8748130685684572,1.1600574155605834
81.10234832763672,90.27278137207031,49.63655471801758,0.2897160037391198,1.4200217064211955,0.7763009671869341
79.7832260131836,60.94422912597656,49.63713073730469,0.10624444213264783,-0.7615806815620587,0.7009965012158901
73.43180847167969,86.55416870117188,52.55948257446289,0.6738055867040047,0.5000079026080186,-0.3515913331341949
77.85472106933594,89.42353820800781,49.711448669433594,0.583956342240072,1.3795341535791152,0.5423712676511485
77.81044006347656,89.70636749267578,51.13552474975586,0.4813700140291452,1.331538049075526,0.5264263317573743
81.50180053710938,81.68711853027344,52.87092590332031,-0.4337029223055272,0.9106475191906114,-0.19192465935390857
66.31771850585938,72.95094299316406,51.602622985839844,1.4173857084872108,-0.4583982244288052,-0.8217923917598391
78.5133056640625,60.35578918457031,50.025482177734375,0.17095310842375255,-0.8685282915439387,0.9328089921686988
68.40738677978516,79.10138702392578,50.76496887207031,1.1851073452614136,-0.44432122588438006,-1.014664501841839
68.79029083251953,76.59169006347656,51.82722473144531,1.1855107342067437,-0.4816394557597192,-0.9596738453658453
67.90069580078125,74.89450073242188,50.62558364868164,1.2246227063067332,-0.4688477801449622,-0.8992015592432736
81.32695770263672,71.85624694824219,51.753726959228516,-0.40164681456828144,-0.20617655229569465,-0.37548366981693704
68.91889953613281,75.11016082763672,52.26335906982422,1.1874472904033389,-0.5273916506995917,-0.8934365880168329
81.24656677246094,85.54106903076172,53.15529251098633,-0.16850251090285284,1.383825097928849,0.24524275557221387
81.70774841308594,73.6915054321289,51.8296012878418,-0.5087039596878137,-0.00016873130297767602,-0.4317649635720002
71.02519226074219,60.66953659057617,51.809165954589844,0.6059278822033884,-0.7655091823588336,0.8939825504713532
69.81330108642578,80.52886199951172,51.58129119873047,1.036483115772761,-0.30729337056030914,-0.9486452538577517
82.0563735961914,60.42207336425781,50.23503875732422,0.03731945213215693,-0.6735134417266835,0.621405040548737
81.89044952392578,63.32334518432617,51.99979782104492,-0.025323884563871857,-0.729412608107701,0.520796917317238
69.65840148925781,63.24501037597656,53.860904693603516,0.8748690347804038,-0.7855758104443993,0.46829736757373297
76.84912872314453,59.71873474121094,51.78653335571289,0.26857843992820407,-1.1444232616043237,1.476952985260862
72.45696258544922,83.05181884765625,52.90813064575195,0.7799322364785781,0.1190784426385747,-0.7101380576406058
75.8687515258789,88.02275848388672,52.299102783203125,0.5272535890971918,1.0135472038039453,0.09721802726702578
83.238037109375,61.33734893798828,52.658084869384766,-0.02205643148766001,-0.7039148991680335,0.685252918601396
73.01068115234375,84.22431945800781,53.4484748840332,0.7426839685035647,0.26828823518938805,-0.6069454733243766
70.67195892333984,75.98184204101562,53.6622428894043,1.0458400285300626,-0.5284416002049852,-0.8929098733819423
81.58816528320312,65.6251449584961,52.93039321899414,-0.06155542885110965,-0.7438745554009571,0.2886635840362537
82.6090087890625,87.74752044677734,53.20870590209961,-0.08880601503406665,1.459686488340715,0.6391385766244504
80.61317443847656,78.92412567138672,52.396705627441406,-0.40117067608067525,0.5041817757153311,-0.41191953835347306
82.23979187011719,86.42632293701172,52.647159576416016,-0.18719854588393336,1.3843081390890362,0.4187821902318163
69.27450561523438,77.64196014404297,52.71942138671875,1.164819305701617,-0.464896255258779,-0.9886903196962997
72.0036849975586,79.91800689697266,53.46442794799805,0.8473319397060315,-0.16799203149312802,-0.8800540384970539
73.3869400024414,81.9418716430664,53.39784240722656,0.6820311149036765,0.15420248190513064,-0.7178866652487805
68.31653594970703,74.65702056884766,55.32456970214844,1.3725705130348151,-0.663497346022524,-0.9628046117635627
81.98329162597656,59.656944274902344,51.65619659423828,0.07328284590983475,-0.7886998948580484,0.7661487947188093
66.3690414428711,67.01252746582031,55.45998001098633,1.3254503161170275,-0.5770738315783177,-0.2385189631925222
73.76952362060547,59.25950241088867,54.0888557434082,0.4449703078362602,-1.115327394047867,1.399454894944391
78.45120239257812,59.17073440551758,52.2461051940918,0.20792697517914255,-1.1048367003798063,1.269889523514241
80.63130950927734,67.85166931152344,55.029212951660156,0.0870850585772141,-0.9838747271828865,0.06821522973933014
81.08949279785156,76.9286880493164,54.509403228759766,-0.3218402026826496,0.170176590978933,-0.4871760756090602
81.65621185302734,72.38419342041016,53.94101333618164,-0.31531222741289117,-0.3277959758379865,-0.4127719307366604
80.62477111816406,69.66300964355469,55.31023025512695,0.04967420742198925,-0.9008964305927663,-0.15662983082068394
74.25992584228516,87.18707275390625,53.85264205932617,0.6226395936506222,0.6456448582468539,-0.25052271416797467
66.16619873046875,69.31726837158203,55.932716369628906,1.4583333386123754,-0.6048300310869621,-0.5432490961386662
74.16947937011719,80.12105560302734,53.33975601196289,0.5585567368948496,0.07948641377881671,-0.7410171359726867
78.98042297363281,90.2699203491211,53.49058151245117,0.34395480102933557,1.4400140612422732,0.6914050365443103
80.14036560058594,78.40564727783203,54.98495864868164,-0.2038980841138468,0.3284464104581062,-0.5092042795253313
81.99150848388672,88.94759368896484,54.118221282958984,0.048902853161063464,1.5528248791293109,0.788371356740651
66.94145202636719,72.64750671386719,55.08454513549805,1.4752265081276257,-0.6350103592530161,-0.8494395180649867
71.36810302734375,75.99446105957031,54.297142028808594,0.9927994962668407,-0.5412313171638772,-0.8800151667398346
79.8147964477539,79.79548645019531,54.83968734741211,-0.17695921199503362,0.5512717200957695,-0.4657368402124682
80.97706604003906,81.68785095214844,54.5661735534668,-0.31517069922684815,0.9516147671484987,-0.2487424362081221
70.508544921875,60.87543487548828,53.086753845214844,0.671954551886081,-0.7890623246452648,0.8505345019416133
81.35711669921875,71.15000915527344,53.56830596923828,-0.2510353502982787,-0.45667122632744395,-0.3391079463983395
82.84474182128906,59.882633209228516,55.28339385986328,0.08241226123207451,-0.8836891934069584,1.0749061561326165
72.8847427368164,78.18077850341797,54.040443420410156,0.7631584593026572,-0.2578601033380039,-0.8602427178048586
74.10665130615234,78.27554321289062,54.71240997314453,0.6273026064776146,-0.1799521983870207,-0.8239903661749857
81.51885986328125,59.360015869140625,54.04258346557617,0.1334619790404038,-0.989081585550025,0.9772971798283194
75.35771942138672,80.09685516357422,54.945709228515625,0.4543313148974357,0.16007251307392067,-0.7380957490591804
73.8573226928711,85.41390991210938,55.332313537597656,0.7395922001244791,0.42876050692847656,-0.5028838117431995
82.18325805664062,74.91851806640625,55.75079345703125,-0.3478641921167671,-0.11280643110423227,-0.4836613798734959
80.76322937011719,85.47207641601562,55.25139236450195,-0.1761944830298635,1.646454640064725,0.1823170892393371
76.24776458740234,87.32723999023438,55.03730773925781,0.4841820745873955,1.0216599097083972,-0.010505436203104068
70.39431762695312,74.62957763671875,56.67732238769531,1.2076596563685924,-0.7534279065238891,-0.917526420668004
69.81241607666016,65.56966400146484,55.28479766845703,1.0389666100921662,-0.9388641554784485,0.16922073149817507
69.08130645751953,66.58210754394531,56.786922454833984,1.1647942060288667,-0.9501846105957199,-0.004625468175369463
76.91397857666016,88.7149429321289,55.182918548583984,0.43497330382940375,1.1865706674991046,0.2467377618357105
83.32401275634766,62.20933151245117,55.30568313598633,-0.024163010170962118,-0.7909557613831666,0.9148248138048203
75.40894317626953,83.38240814208984,56.23150634765625,0.536479102814277,0.5316825549274853,-0.6041489028740088
83.42741394042969,61.22583770751953,56.125057220458984,0.015101489429276416,-0.8190033722951142,1.1939441470238066
81.84199523925781,86.88874053955078,55.646610260009766,-0.20138429580223816,1.7912473568460072,0.4922525780656102
74.3749771118164,77.63352966308594,56.611122131347656,0.6667935236499509,-0.3192742854084898,-0.9012638504414987
76.58563232421875,80.9714584350586,55.78506088256836,0.3028828818070807,0.4099335898464176,-0.6703841642259185
76.33839416503906,80.18318176269531,56.79839324951172,0.3519884456612572,0.22435844621126222,-0.8038110387431487
80.77875518798828,70.40371704101562,57.38669967651367,0.09164880948409732,-0.9571392635355878,-0.1803660649634864
78.5897216796875,80.1766586303711,55.74460983276367,0.010689840943874651,0.5065838028859986,-0.5675621295019653
82.9491195678711,72.42174530029297,57.7122688293457,-0.2930023947591339,-0.45693824926058824,-0.380347091507808
80.35045623779297,83.6075210571289,55.55065155029297,-0.20157276164467625,1.3593001640383733,-0.11820752112100052
77.7347412109375,79.98861694335938,56.574398040771484,0.14616052644394806,0.3618330497103557,-0.6922207375507128
72.22860717773438,75.53179931640625,57.86703872680664,1.02409809588507,-0.703473631604453,-0.9602588668541792
66.76427459716797,67.90360260009766,56.9499397277832,1.3669114674237623,-0.7006079727868908,-0.33076356234544946
80.31204986572266,89.07644653320312,56.25847625732422,0.11223568548495638,1.697298268323813,0.6720219626198336
68.4229507446289,71.92510986328125,58.09248352050781,1.4042012451810217,-0.8488124512160979,-0.7817324502100327
80.16511535644531,81.69747924804688,55.62162399291992,-0.2013090029801009,0.9450848918979347,-0.34160383670779737
80.11284637451172,68.13765716552734,57.743160247802734,0.2658003689552325,-1.2475708381468635,0.12589556581590955
69.94117736816406,61.295326232910156,57.58436965942383,0.7617880608122956,-0.9313929714903537,0.8633005103104878
79.52237701416016,82.89372253417969,55.735206604003906,-0.10412569054959991,1.143129711615309,-0.2772848496156861
67.18907928466797,70.89645385742188,56.897464752197266,1.4590454028311943,-0.7361234296192691,-0.6955973340035229
80.3058090209961,59.111263275146484,56.4870491027832,0.20804405595770153,-1.1495520068188014,1.2573305902352203
77.36730194091797,82.22090148925781,55.825782775878906,0.20327552212624145,0.7182084431057234,-0.5248599268577046
80.39897918701172,76.38420867919922,59.55717468261719,-0.06468519081265833,-0.22033271561635104,-0.612795614100726
82.6705322265625,72.23491668701172,59.48988723754883,-0.20492947574877446,-0.588242004962936,-0.29572536002641314
75.34778594970703,78.5837631225586,60.323768615722656,0.5136026917566204,-0.26716352247171926,-1.215532604895735
78.41263580322266,86.3111572265625,56.810890197753906,0.16321608218797373,1.5320033685660164,0.033802435162847644
77.7778091430664,58.167747497558594,56.035892486572266,0.27491230249810084,-1.2514220794509043,1.3971247563986147
77.12091064453125,84.1855697631836,57.53315734863281,0.3137960201217654,0.9554980982602572,-0.4602462311241453
79.93724060058594,78.2640380859375,59.37544250488281,-0.0842291365187427,0.08105771196688494,-0.7171963473694412
78.9474105834961,84.43971252441406,56.889381408691406,-0.006401241159072979,1.4415856018895994,-0.2024904299616459
79.33724212646484,87.10857391357422,57.23542022705078,0.03973179934341858,1.8214485196239494,0.23860197055608978
72.8730239868164,59.011512756347656,57.415870666503906,0.5033354897854638,-1.089798444249162,1.3079699613224243
83.05570220947266,73.48049926757812,59.07322692871094,-0.29641074225710573,-0.40196776071353213,-0.4073428227796221
82.90412139892578,74.6899185180664,61.70383834838867,-0.2614971558573898,-0.40409989813484515,-0.35407330016949246
81.49369812011719,64.01822662353516,56.74727249145508,0.09514442820970231,-1.0329787509315977,0.7416675805727451
81.26899719238281,66.03678894042969,56.99758529663086,0.09931778947875147,-1.0674765075243684,0.4076490716493737
69.3859634399414,64.75411987304688,57.19021987915039,1.0383823515551598,-0.9682889435578517,0.29980263121079886
70.47282409667969,72.93873596191406,58.19798278808594,1.2488567586188764,-0.9249138679506288,-0.8076014710559285
74.78982543945312,76.56083679199219,57.48674774169922,0.6643342214914332,-0.47540910611821374,-0.8876602532676756
67.79273986816406,70.11841583251953,57.370689392089844,1.4015494710668266,-0.8177775105500444,-0.5756221284237348
69.40275573730469,69.81886291503906,58.39724349975586,1.2986369058254907,-1.0186656719647829,-0.46442054901152474
81.79610443115234,75.48478698730469,57.95671463012695,-0.2343153077646098,-0.18808006937628363,-0.5145088793175105
82.8901138305664,62.466583251953125,57.87516784667969,0.019638131247090962,-0.9139293940449491,1.0565666164115477
68.7253189086914,63.068153381347656,58.85773849487305,0.9426279411215224,-0.9064429716076035,0.5690198449582802
70.21177673339844,66.43421936035156,58.77056884765625,1.112174203053244,-1.1523553428287485,0.10245523788501032
72.49726867675781,73.80602264404297,59.276004791259766,1.0606943577796957,-0.9073047455593652,-0.8543953604408898
75.58255767822266,58.50598907470703,57.17730712890625,0.3794034898877963,-1.214692599530828,1.424640082317076
77.28589630126953,57.535484313964844,60.41548538208008,0.31258733601066857,-1.2378181939239212,1.5864378041289875
78.69025421142578,58.04111862182617,58.255638122558594,0.27071717937922435,-1.21014121557711,1.436787362794334
78.99463653564453,78.72913360595703,61.40533447265625,0.005420030775327878,-0.03891858082318578,-0.9402866183018119
70.46920776367188,69.1351318359375,59.49170684814453,1.212245275442636,-1.1707571560383343,-0.31783146842471055
75.537841796875,75.09866333007812,59.21476364135742,0.6521943591022366,-0.6983545429247968,-0.8212116104545188
71.04076385498047,67.6044921875,59.297508239746094,1.1269638368367056,-1.2634217515457706,-0.042275186183278635
73.78475952148438,74.01727294921875,59.945701599121094,0.9194394227483521,-0.8742482178410214,-0.8423286804307928
82.62567138671875,60.254966735839844,57.540435791015625,0.10018506524367682,-0.9419454636528783,1.3348353163635451
81.12799835205078,61.13409423828125,60.496070861816406,0.16560211961436233,-1.1453259701690257,1.2187342985660372
80.6845703125,64.0760726928711,59.600135803222656,0.18138072146502615,-1.2026619247341586,0.8045918466495223
75.86870574951172,77.78121948242188,62.52719497680664,0.4612395819209386,-0.41991881175258783,-1.2107291927130035
71.00371551513672,70.3625717163086,58.69948959350586,1.2118708296554566,-1.166750635835541,-0.46787955609603316
75.9899673461914,75.80905151367188,60.20723342895508,0.5566217160604116,-0.57788189620954,-0.9000676581180791
81.15767669677734,71.53984832763672,60.03220748901367,0.019489033887731932,-0.8429846009126152,-0.18933248759113042
68.71550750732422,64.31668090820312,60.257320404052734,1.0402869977776477,-0.9831888325701215,0.4002210246858269
79.88768768310547,58.80473709106445,57.7391357421875,0.2340606112103965,-1.1726451147535784,1.3467810830565448
82.3612289428711,75.28591918945312,60.86912155151367,-0.23358955382222074,-0.328344033778734,-0.44052185751713324
80.9825668334961,76.21502685546875,61.4742431640625,-0.10557147669026046,-0.3113469451841766,-0.5448847385111364
80.55012512207031,66.4637451171875,59.66682434082031,0.19269799066765347,-1.2265724366862898,0.44334945220474964
80.66869354248047,59.81116485595703,59.56529998779297,0.20770307377580915,-1.1453808925554796,1.339848703827034
73.31576538085938,71.43080139160156,58.826637268066406,1.053316342795381,-1.2777926225532497,-0.510455981400078
73.90788269042969,70.41596221923828,59.06341552734375,1.0255878121148392,-1.4448954183257285,-0.3432215264228873
75.52433776855469,69.10741424560547,58.03982925415039,1.005630431708408,-1.8059127649472657,-0.09700942253721578
73.6019058227539,68.785888671875,59.33363723754883,1.0261405770536276,-1.5230268891307617,-0.10914745117961999
75.4952163696289,70.99146270751953,59.26850509643555,0.8604421643571822,-1.4242302382336618,-0.3453548201178691
76.5657958984375,74.05069732666016,61.09447479248047,0.5486889434719189,-0.8323541921444786,-0.6695221761587327
79.8707275390625,70.97050476074219,59.9616584777832,0.22100596218052188,-1.056323054931866,-0.1417403069338512
74.36703491210938,71.42009735107422,59.55979919433594,0.9433293179778034,-1.3049732501289455,-0.4660746217274756
81.00578308105469,72.20841979980469,65.11226654052734,-0.004883388332280247,-0.9106280813356165,0.24518815386166892
77.66158294677734,78.40948486328125,62.807743072509766,0.18398826368386578,-0.2589799712815264,-1.0968407058707577
76.09793090820312,72.88259887695312,60.66147994995117,0.6611981997334258,-1.03430175893876,-0.5597550370159503
72.32147979736328,58.736488342285156,61.90859603881836,0.5085055704042061,-1.1562805484543617,1.4468062818408498
75.09719848632812,67.98359680175781,60.781394958496094,0.815369837174321,-1.5456329975175365,0.11726474689612232
77.31735229492188,68.52447509765625,60.136226654052734,0.6185788098695635,-1.5215184395640051,0.11699902814128649
78.02317810058594,67.60958099365234,60.97366714477539,0.4795891308454405,-1.4571025825238308,0.3109132408518924
77.63385009765625,71.22064971923828,60.31452560424805,0.5259371294509898,-1.237521319624868,-0.23759710031772485
79.05259704589844,71.83071899414062,61.343017578125,0.2823040590921126,-1.0294864368282504,-0.18251969385702438
76.84088134765625,70.02235412597656,60.82209777832031,0.6322514164446269,-1.401964285713234,-0.09649651060506059
77.24147033691406,75.95227813720703,62.46287155151367,0.36338638669837336,-0.5755922721647977,-0.826213801734152
72.58894348144531,65.413818359375,62.69551086425781,0.9009582682145572,-1.4354093515809652,0.45347945970375747
79.8682861328125,62.76935577392578,61.20883560180664,0.23829092435114024,-1.2907490769642962,1.0253714792432866
78.11048889160156,70.0721435546875,61.06458282470703,0.45648524007743774,-1.306429334296439,-0.019877066446824188
77.6074447631836,72.6397476196289,61.51482391357422,0.4453889681838424,-1.018296054372577,-0.3762881629292423
70.70494079589844,65.9770736694336,61.71076965332031,1.0515910331188811,-1.2571436105951932,0.2405336966957563
78.14830780029297,76.65495300292969,62.642967224121094,0.21357139550669296,-0.451989500678323,-0.8136390731489662
80.72404479980469,66.75508117675781,64.56246185302734,0.05197143252091607,-1.3133091956774834,0.6302541364875935
70.73577880859375,60.378135681152344,61.12725067138672,0.6537472057811393,-1.0691919667856808,1.1799803297240352
74.57284545898438,66.22183990478516,62.776756286621094,0.755343172641641,-1.5378505183670867,0.4268303250630119
82.42230224609375,73.39701080322266,64.20081329345703,-0.16893425135777163,-0.6608020567031261,-0.06895307500844083
79.41963958740234,57.798458099365234,63.23542404174805,0.25342446353169695,-1.2783299017512206,1.648378816317532
80.06938171386719,58.53498840332031,64.75645446777344,0.22374442618656926,-1.324118612914603,1.622416989778209
71.32615661621094,63.73930358886719,62.88315963745117,0.9081070710579064,-1.3126590646925038,0.6855377176751496
71.46350860595703,59.365970611572266,64.7350082397461,0.6225373476106635,-1.236449238887289,1.3583810814991466
77.02465057373047,74.63480377197266,65.24224853515625,0.39689391473974467,-0.9005844518151136,-0.45499241620663966
80.31529235839844,60.591712951660156,62.795963287353516,0.20249955775052209,-1.2711400061599534,1.3319971268136221
79.93462371826172,64.05914306640625,61.76595687866211,0.22264131558701739,-1.3166986865017378,0.8602369958037102
80.90801239013672,65.40878295898438,64.61164855957031,0.047287972401895306,-1.3326826511284438,0.7706347655074346
70.87107849121094,61.75708770751953,63.11833190917969,0.7949015985391671,-1.2145047368631268,1.0055301173344375
77.08177947998047,66.24321746826172,63.2550048828125,0.4925634654192717,-1.537608081081558,0.5709760562719737
81.71630096435547,76.24922943115234,64.47713470458984,-0.14597075276400212,-0.41640350059149966,-0.3834763010281925
78.48075866699219,57.15705108642578,64.33658599853516,0.27394996700822694,-1.3406421820800105,1.7660879491980985
81.86572265625,75.54447937011719,65.54074096679688,-0.13789772461754907,-0.5236795522603899,-0.25605805448324404
74.14100646972656,58.37347412109375,63.43244552612305,0.4488338108451703,-1.3101248069594078,1.5608033259034606
77.50286865234375,73.2641372680664,64.92507934570312,0.3772476939123909,-1.0490541624934266,-0.07311437169333601
78.25526428222656,63.78331756591797,63.05168914794922,0.35425082095342925,-1.4692848371155804,0.9254697355204051
78.51020812988281,64.44105529785156,63.26384735107422,0.33016666523109117,-1.4707349428709762,0.8474369392434475
75.83407592773438,57.910308837890625,63.3648567199707,0.37116264076262734,-1.3424134731578548,1.649164005442934
74.34246826171875,63.90459442138672,65.14423370361328,0.7067515553101645,-1.6367549569073248,0.8249757511458782
78.8764877319336,76.14807891845703,66.32223510742188,0.15317975890804492,-0.6416602076956366,-0.47212229827681895
76.76670837402344,65.02699279785156,62.902061462402344,0.5165239072664947,-1.5367926984338638,0.7135742403846379
72.43163299560547,62.163963317871094,64.9713363647461,0.8009355672352546,-1.458839656644443,1.0114585242111893
79.05928039550781,65.6124496459961,66.30010986328125,0.19305047232094785,-1.6212114065950445,0.8010484569473952
78.0373306274414,74.94422149658203,66.85780334472656,0.2665590008778805,-0.84870221713701,-0.281483610181013
79.55602264404297,61.65188217163086,65.27909851074219,0.20899960894294234,-1.4649075881992673,1.2739686975266054
76.6942367553711,63.550113677978516,65.01460266113281,0.46553588453261535,-1.6361670776571842,0.968571303677372
79.1236343383789,73.1824722290039,66.73008728027344,0.19443118805701015,-0.9866160867392821,0.34995108438982925
78.44398498535156,66.98922729492188,65.81835174560547,0.27329607679170426,-1.5867556664805065,0.6534981411040057
77.20034790039062,62.11619186401367,67.55613708496094,0.3594331179918687,-1.783256684704277,1.2181793008002941
78.4535903930664,57.08706283569336,66.71183013916016,0.274521912229139,-1.425482757657342,1.8396087997908488
80.47737121582031,74.78274536132812,67.15436553955078,0.010241844208277784,-0.7284964714359248,-0.11312604997109688
73.59610748291016,59.551490783691406,66.27253723144531,0.5624476292565258,-1.472662228373025,1.4162783687874416
80.11772155761719,66.32564544677734,66.4208984375,0.06433204278145427,-1.503491904965621,0.7379146902478482
74.92220306396484,62.44127655029297,66.52490997314453,0.6001596048257491,-1.7167028326118725,1.0794895002712295
74.59691619873047,57.99638366699219,66.87150573730469,0.42498997167361713,-1.4569727402549546,1.6417767070792024
79.45639038085938,57.8612060546875,67.37930297851562,0.24552601266915364,-1.438294723861084,1.7887491985274657
76.77882385253906,57.70940399169922,66.57457733154297,0.33186734440354787,-1.4720786742470082,1.7488890060008089
79.83613586425781,59.18248748779297,67.90222930908203,0.2015678266789493,-1.4871464077325527,1.6703161492760863
78.77400207519531,60.168460845947266,68.59117889404297,0.22888196389535603,-1.6319946430141172,1.547962089498455
75.8361587524414,57.77006530761719,68.96221923828125,0.35004693215202365,-1.5370925163044618,1.729956475232079
74.70196533203125,59.26857376098633,69.31117248535156,0.44635317845800176,-1.6316199187852547,1.5116107789252666
77.9502182006836,56.488059997558594,69.43461608886719,0.274191111119411,-1.4626844570976516,1.9361563055025783
75.64463806152344,58.90315246582031,69.54920959472656,0.3788334028249075,-1.6326677622761494,1.6060132172977895
78.82240295410156,57.12043762207031,72.1768569946289,0.22916968271533655,-1.4731312723468903,2.005315875889348
78.06008911132812,58.252784729003906,72.98915100097656,0.2159912704404896,-1.5556939734236295,1.894395786217462
76.42662811279297,56.887611389160156,72.46368408203125,0.25681469270450263,-1.493769873407878,1.915468351650297
76.04072570800781,57.946441650390625,72.41084289550781,0.2795726805448647,-1.5690348837350783,1.8012277934150518
