,x,y,z,r,ux,uy,uz,U_mag,mu,g11,g12,g13,g21,g22,g23,g31,g32,g33,F11,F12,F13,F21,F22,F23,F31,F32,F33,C11,C12,C13,C21,C22,C23,C31,C32,C33,w1,w2,w3,v11,v12,v13,v21,v22,v23,v31,v32,v33
0,0.0,0.0,20.0,0.0,-0.10115625164398255,-0.0882956581299054,-1.8504051575797638,1.8552703193036437,328.2500000000094,0.01955728784058392,-0.06246269131900378,0.08231798593271823,-0.05476318432210726,0.01602732645492226,-0.051332313435486256,-0.04932194944128065,0.024542647389596092,-0.004788962504357812,1.0195572878405839,-0.06246269131900378,0.08231798593271823,-0.05476318432210726,1.0160273264549222,-0.051332313435486256,-0.04932194944128065,0.024542647389596092,0.9952110374956422,1.0449287242426324,-0.12053567512108065,0.03765327494564472,-0.12053567512108065,1.0368154574508404,-0.03287172255443101,0.03765327494564472,-0.03287172255443101,0.9998562663638108,1.1756527298210475,0.9201750180401426,0.9857727001960923,0.6934403579905486,-0.6667130074073699,0.27319267132146874,-0.7000733166516746,-0.7131311755687313,0.03662345893390583,-0.1704048744087563,0.2166510839709312,0.9612619240310917
1,0.0,0.0,20.555555555555557,0.5555555555555571,-0.09432448662985245,-0.08641724910378483,-1.829529474065011,1.8339964956872863,328.25000000000813,-0.0414329136557046,0.017652887178016642,0.012297177025433436,0.021393706375631504,-0.021394323428862164,0.0033811362470174276,-0.03329999683012346,-0.04237727951499484,0.03757623032655463,0.9585670863442954,0.017652887178016642,0.012297177025433436,0.021393706375631504,0.9786056765711378,0.0033811362470174276,-0.03329999683012346,-0.04237727951499484,1.0375762303265545,0.9204174394839648,0.0392686424034037,-0.022691280993271282,0.0392686424034037,0.9597765284620662,-0.04044377812743331,-0.022691280993271282,-0.04044377812743331,1.076727086383779,1.0959296912925085,0.8961489892740402,0.9648423737632609,-0.19332545119763547,-0.33019936568228897,0.9239013198509053,-0.8473697429274749,0.5308581440327143,0.012415703168442392,0.4945601972361453,0.7804857524754422,0.38242934183007976
2,0.0,0.0,21.11111111111111,1.1111111111111107,-0.08749272161572276,-0.08453884007766403,-1.8086537905502584,1.812741108346479,328.2500000000068,-0.0414329136557046,0.017652887178016642,0.012297177025433436,0.021393706375631504,-0.021394323428862164,0.0033811362470174276,-0.03329999683012346,-0.04237727951499484,0.03757623032655463,0.9585670863442954,0.017652887178016642,0.012297177025433436,0.021393706375631504,0.9786056765711378,0.0033811362470174276,-0.03329999683012346,-0.04237727951499484,1.0375762303265545,0.9204174394839648,0.0392686424034037,-0.022691280993271282,0.0392686424034037,0.9597765284620662,-0.04044377812743331,-0.022691280993271282,-0.04044377812743331,1.076727086383779,1.0959296912925085,0.8961489892740402,0.9648423737632609,-0.19332545119763547,-0.33019936568228897,0.9239013198509053,-0.8473697429274749,0.5308581440327143,0.012415703168442392,0.4945601972361453,0.7804857524754422,0.38242934183007976
3,0.0,0.0,21.666666666666668,1.6666666666666679,-0.08066095660159309,-0.0826604310515432,-1.7877781070355059,1.7915048134953386,328.2500000000056,-0.0414329136557046,0.017652887178016642,0.012297177025433436,0.021393706375631504,-0.021394323428862164,0.0033811362470174276,-0.03329999683012346,-0.04237727951499484,0.03757623032655463,0.9585670863442954,0.017652887178016642,0.012297177025433436,0.021393706375631504,0.9786056765711378,0.0033811362470174276,-0.03329999683012346,-0.04237727951499484,1.0375762303265545,0.9204174394839648,0.0392686424034037,-0.022691280993271282,0.0392686424034037,0.9597765284620662,-0.04044377812743331,-0.022691280993271282,-0.04044377812743331,1.076727086383779,1.0959296912925085,0.8961489892740402,0.9648423737632609,-0.19332545119763547,-0.33019936568228897,0.9239013198509053,-0.8473697429274749,0.5308581440327143,0.012415703168442392,0.4945601972361453,0.7804857524754422,0.38242934183007976
4,0.0,0.0,22.22222222222222,2.2222222222222214,-0.07382919158746341,-0.08078202202542244,-1.7669024235207533,1.7702882982318122,328.2500000000044,-0.0414329136557046,0.017652887178016642,0.012297177025433436,0.021393706375631504,-0.021394323428862164,0.0033811362470174276,-0.03329999683012346,-0.04237727951499484,0.03757623032655463,0.9585670863442954,0.017652887178016642,0.012297177025433436,0.021393706375631504,0.9786056765711378,0.0033811362470174276,-0.03329999683012346,-0.04237727951499484,1.0375762303265545,0.9204174394839648,0.0392686424034037,-0.022691280993271282,0.0392686424034037,0.9597765284620662,-0.04044377812743331,-0.022691280993271282,-0.04044377812743331,1.076727086383779,1.0959296912925085,0.8961489892740402,0.9648423737632609,-0.19332545119763547,-0.33019936568228897,0.9239013198509053,-0.8473697429274749,0.5308581440327143,0.012415703168442392,0.4945601972361453,0.7804857524754422,0.38242934183007976
5,0.0,0.0,22.77777777777778,2.7777777777777786,-0.06699742657333373,-0.07890361299930164,-1.746026740006001,1.7490922823361197,328.25000000000307,-0.0414329136557046,0.017652887178016642,0.012297177025433436,0.021393706375631504,-0.021394323428862164,0.0033811362470174276,-0.03329999683012346,-0.04237727951499484,0.03757623032655463,0.9585670863442954,0.017652887178016642,0.012297177025433436,0.021393706375631504,0.9786056765711378,0.0033811362470174276,-0.03329999683012346,-0.04237727951499484,1.0375762303265545,0.9204174394839648,0.0392686424034037,-0.022691280993271282,0.0392686424034037,0.9597765284620662,-0.04044377812743331,-0.022691280993271282,-0.04044377812743331,1.076727086383779,1.0959296912925085,0.8961489892740402,0.9648423737632609,-0.19332545119763547,-0.33019936568228897,0.9239013198509053,-0.8473697429274749,0.5308581440327143,0.012415703168442392,0.4945601972361453,0.7804857524754422,0.38242934183007976
6,0.0,0.0,23.333333333333332,3.333333333333332,-0.06016566155920405,-0.07702520397318086,-1.7251510564912482,1.7279175201932633,328.2500000000018,-0.0414329136557046,0.017652887178016642,0.012297177025433436,0.021393706375631504,-0.021394323428862164,0.0033811362470174276,-0.03329999683012346,-0.04237727951499484,0.03757623032655463,0.9585670863442954,0.017652887178016642,0.012297177025433436,0.021393706375631504,0.9786056765711378,0.0033811362470174276,-0.03329999683012346,-0.04237727951499484,1.0375762303265545,0.9204174394839648,0.0392686424034037,-0.022691280993271282,0.0392686424034037,0.9597765284620662,-0.04044377812743331,-0.022691280993271282,-0.04044377812743331,1.076727086383779,1.0959296912925085,0.8961489892740402,0.9648423737632609,-0.19332545119763547,-0.33019936568228897,0.9239013198509053,-0.8473697429274749,0.5308581440327143,0.012415703168442392,0.4945601972361453,0.7804857524754422,0.38242934183007976
7,0.0,0.0,23.88888888888889,3.8888888888888893,-0.053333896545074345,-0.07514679494706006,-1.7042753729764957,1.7067648028494347,328.2500000000005,-0.0414329136557046,0.017652887178016642,0.012297177025433436,0.021393706375631504,-0.021394323428862164,0.0033811362470174276,-0.03329999683012346,-0.04237727951499484,0.03757623032655463,0.9585670863442954,0.017652887178016642,0.012297177025433436,0.021393706375631504,0.9786056765711378,0.0033811362470174276,-0.03329999683012346,-0.04237727951499484,1.0375762303265545,0.9204174394839648,0.0392686424034037,-0.022691280993271282,0.0392686424034037,0.9597765284620662,-0.04044377812743331,-0.022691280993271282,-0.04044377812743331,1.076727086383779,1.0959296912925085,0.8961489892740402,0.9648423737632609,-0.19332545119763547,-0.33019936568228897,0.9239013198509053,-0.8473697429274749,0.5308581440327143,0.012415703168442392,0.4945601972361453,0.7804857524754422,0.38242934183007976
8,0.0,0.0,24.444444444444443,4.444444444444443,-0.046502131530944686,-0.07326838592093926,-1.6833996894617431,1.6856349602129976,328.24999999999926,-0.0414329136557046,0.017652887178016642,0.012297177025433436,0.021393706375631504,-0.021394323428862164,0.0033811362470174276,-0.03329999683012346,-0.04237727951499484,0.03757623032655463,0.9585670863442954,0.017652887178016642,0.012297177025433436,0.021393706375631504,0.9786056765711378,0.0033811362470174276,-0.03329999683012346,-0.04237727951499484,1.0375762303265545,0.9204174394839648,0.0392686424034037,-0.022691280993271282,0.0392686424034037,0.9597765284620662,-0.04044377812743331,-0.022691280993271282,-0.04044377812743331,1.076727086383779,1.0959296912925085,0.8961489892740402,0.9648423737632609,-0.19332545119763547,-0.33019936568228897,0.9239013198509053,-0.8473697429274749,0.5308581440327143,0.012415703168442392,0.4945601972361453,0.7804857524754422,0.38242934183007976
9,0.0,0.0,25.0,5.0,-0.03967036651681497,-0.07138997689481846,-1.6625240059469906,1.6645288634117013,328.249999999998,-0.0414329136557046,0.017652887178016642,0.012297177025433436,0.021393706375631504,-0.021394323428862164,0.0033811362470174276,-0.03329999683012346,-0.04237727951499484,0.03757623032655463,0.9585670863442954,0.017652887178016642,0.012297177025433436,0.021393706375631504,0.9786056765711378,0.0033811362470174276,-0.03329999683012346,-0.04237727951499484,1.0375762303265545,0.9204174394839648,0.0392686424034037,-0.022691280993271282,0.0392686424034037,0.9597765284620662,-0.04044377812743331,-0.022691280993271282,-0.04044377812743331,1.076727086383779,1.0959296912925085,0.8961489892740402,0.9648423737632609,-0.19332545119763547,-0.33019936568228897,0.9239013198509053,-0.8473697429274749,0.5308581440327143,0.012415703168442392,0.4945601972361453,0.7804857524754422,0.38242934183007976
10,0.0,0.0,25.555555555555557,5.555555555555557,-0.03378875986714012,-0.06980236248027125,-1.6379011380766668,1.6397360117451916,328.2499999999971,-0.04166596640451267,0.01771572055273772,0.002821712254171552,0.02132238091442306,-0.021375093364191463,0.00048118377517958815,-0.032380895712850806,-0.04262507845838219,0.07494506764980163,0.9583340335954873,0.01771572055273772,0.002821712254171552,0.02132238091442306,0.9786249066358086,0.00048118377517958815,-0.032380895712850806,-0.04262507845838219,1.0749450676498016,0.9199072862824229,0.03922442918729899,-0.03209328126268132,0.03922442918729899,0.959837451956231,-0.04529873075418881,-0.03209328126268132,-0.04529873075418881,1.1555150920625072,1.171885451463965,0.895798838790416,0.9675755400467809,-0.15862580289223485,-0.2342408004506801,0.9591501978632014,-0.8577540091991707,0.5137993916098824,-0.016378183173476533,0.4889743493881268,0.8253129300971487,0.2824228267242526
11,0.0,0.0,26.11111111111111,6.111111111111111,-0.032221141948155924,-0.06953503816072701,-1.596264989382333,1.5981036386443268,328.2499999999981,-0.04166596640451267,0.01771572055273772,0.002821712254171552,0.02132238091442306,-0.021375093364191463,0.00048118377517958815,-0.032380895712850806,-0.04262507845838219,0.07494506764980163,0.9583340335954873,0.01771572055273772,0.002821712254171552,0.02132238091442306,0.9786249066358086,0.00048118377517958815,-0.032380895712850806,-0.04262507845838219,1.0749450676498016,0.9199072862824229,0.03922442918729899,-0.03209328126268132,0.03922442918729899,0.959837451956231,-0.04529873075418881,-0.03209328126268132,-0.04529873075418881,1.1555150920625072,1.171885451463965,0.895798838790416,0.9675755400467809,-0.15862580289223485,-0.2342408004506801,0.9591501978632014,-0.8577540091991707,0.5137993916098824,-0.016378183173476533,0.4889743493881268,0.8253129300971487,0.2824228267242526
12,0.0,0.0,26.666666666666668,6.666666666666668,-0.030653524029171743,-0.0692677138411828,-1.554628840687999,1.556473092287529,328.24999999999926,-0.04166596640451267,0.01771572055273772,0.002821712254171552,0.02132238091442306,-0.021375093364191463,0.00048118377517958815,-0.032380895712850806,-0.04262507845838219,0.07494506764980163,0.9583340335954873,0.01771572055273772,0.002821712254171552,0.02132238091442306,0.9786249066358086,0.00048118377517958815,-0.032380895712850806,-0.04262507845838219,1.0749450676498016,0.9199072862824229,0.03922442918729899,-0.03209328126268132,0.03922442918729899,0.959837451956231,-0.04529873075418881,-0.03209328126268132,-0.04529873075418881,1.1555150920625072,1.171885451463965,0.895798838790416,0.9675755400467809,-0.15862580289223485,-0.2342408004506801,0.9591501978632014,-0.8577540091991707,0.5137993916098824,-0.016378183173476533,0.4889743493881268,0.8253129300971487,0.2824228267242526
13,0.0,0.0,27.22222222222222,7.222222222222221,-0.02908590611018753,-0.06900038952163859,-1.5129926919936643,1.5148445232810606,328.2500000000002,-0.04166596640451267,0.01771572055273772,0.002821712254171552,0.02132238091442306,-0.021375093364191463,0.00048118377517958815,-0.032380895712850806,-0.04262507845838219,0.07494506764980163,0.9583340335954873,0.01771572055273772,0.002821712254171552,0.02132238091442306,0.9786249066358086,0.00048118377517958815,-0.032380895712850806,-0.04262507845838219,1.0749450676498016,0.9199072862824229,0.03922442918729899,-0.03209328126268132,0.03922442918729899,0.959837451956231,-0.04529873075418881,-0.03209328126268132,-0.04529873075418881,1.1555150920625072,1.171885451463965,0.895798838790416,0.9675755400467809,-0.15862580289223485,-0.2342408004506801,0.9591501978632014,-0.8577540091991707,0.5137993916098824,-0.016378183173476533,0.4889743493881268,0.8253129300971487,0.2824228267242526
14,0.0,0.0,27.77777777777778,7.777777777777779,-0.027518288191203343,-0.06873306520209438,-1.47135654329933,1.4732180992462733,328.2500000000013,-0.04166596640451267,0.01771572055273772,0.002821712254171552,0.02132238091442306,-0.021375093364191463,0.00048118377517958815,-0.032380895712850806,-0.04262507845838219,0.07494506764980163,0.9583340335954873,0.01771572055273772,0.002821712254171552,0.02132238091442306,0.9786249066358086,0.00048118377517958815,-0.032380895712850806,-0.04262507845838219,1.0749450676498016,0.9199072862824229,0.03922442918729899,-0.03209328126268132,0.03922442918729899,0.959837451956231,-0.04529873075418881,-0.03209328126268132,-0.04529873075418881,1.1555150920625072,1.171885451463965,0.895798838790416,0.9675755400467809,-0.15862580289223485,-0.2342408004506801,0.9591501978632014,-0.8577540091991707,0.5137993916098824,-0.016378183173476533,0.4889743493881268,0.8253129300971487,0.2824228267242526
15,0.0,0.0,28.333333333333336,8.333333333333336,-0.02595067027221912,-0.06846574088255017,-1.429720394604996,1.4315940072910474,328.2500000000024,-0.04166596640451267,0.01771572055273772,0.002821712254171552,0.02132238091442306,-0.021375093364191463,0.00048118377517958815,-0.032380895712850806,-0.04262507845838219,0.07494506764980163,0.9583340335954873,0.01771572055273772,0.002821712254171552,0.02132238091442306,0.9786249066358086,0.00048118377517958815,-0.032380895712850806,-0.04262507845838219,1.0749450676498016,0.9199072862824229,0.03922442918729899,-0.03209328126268132,0.03922442918729899,0.959837451956231,-0.04529873075418881,-0.03209328126268132,-0.04529873075418881,1.1555150920625072,1.171885451463965,0.895798838790416,0.9675755400467809,-0.15862580289223485,-0.2342408004506801,0.9591501978632014,-0.8577540091991707,0.5137993916098824,-0.016378183173476533,0.4889743493881268,0.8253129300971487,0.2824228267242526
16,0.0,0.0,28.88888888888889,8.88888888888889,-0.020926052927338214,-0.06678444953726509,-1.3883051831067155,1.390068107623538,328.25000000000335,-0.03285107940057079,-0.0024723227180339963,0.020643033748893907,0.024927808056191353,-0.029632319930463277,0.00777038398733404,-0.032944256066222755,-0.04133485849460674,0.07380610512307467,0.9671489205994293,-0.0024723227180339963,0.020643033748893907,0.024927808056191353,0.9703676800695368,0.00777038398733404,-0.032944256066222755,-0.04133485849460674,1.0738061051230747,0.9370837542388842,0.023159781187292495,-0.015217156843948386,0.023159781187292495,0.9433281174299262,-0.03689653016417483,-0.015217156843948386,-0.03689653016417483,1.1535460651092564,0.9160434082459262,0.9564767647131518,1.161437763818989,-0.7182629546710791,0.6930355739237625,0.061644312173407545,0.6906103783811646,0.6993593877174419,0.1842654392003823,-0.08459097599269365,-0.17492324055895261,0.9809415001379839
17,0.0,0.0,29.444444444444443,9.444444444444443,-0.009457700844619416,-0.06246756954430176,-1.3473017913716743,1.3487823257973695,328.25000000000387,-0.03285107940057079,-0.0024723227180339963,0.020643033748893907,0.024927808056191353,-0.029632319930463277,0.00777038398733404,-0.032944256066222755,-0.04133485849460674,0.07380610512307467,0.9671489205994293,-0.0024723227180339963,0.020643033748893907,0.024927808056191353,0.9703676800695368,0.00777038398733404,-0.032944256066222755,-0.04133485849460674,1.0738061051230747,0.9370837542388842,0.023159781187292495,-0.015217156843948386,0.023159781187292495,0.9433281174299262,-0.03689653016417483,-0.015217156843948386,-0.03689653016417483,1.1535460651092564,0.9160434082459262,0.9564767647131518,1.161437763818989,-0.7182629546710791,0.6930355739237625,0.061644312173407545,0.6906103783811646,0.6993593877174419,0.1842654392003823,-0.08459097599269365,-0.17492324055895261,0.9809415001379839
18,0.0,0.0,30.0,10.0,-0.0027204975691159424,-0.05106546057535245,-1.3134191098928476,1.3144142576077438,328.2500000000039,-0.01568117671915794,0.006190052374867455,0.01099605197220732,-0.0007853320183027298,-0.042604837496489203,0.02221741949607709,-0.007102350198605215,-0.02829737739210267,0.05928672201383722,0.9843188232808421,0.006190052374867455,0.01099605197220732,-0.0007853320183027298,0.9573951625035108,0.02221741949607709,-0.007102350198605215,-0.02829737739210267,1.0592867220138373,0.9689346059897042,0.005542089878334971,0.003282747626648914,0.005542089878334971,0.9174445555007984,-0.008636120052788784,0.003282747626648914,-0.008636120052788784,1.122702886322861,0.9694886642618674,0.916467493729126,1.1231258898223688,0.9939946721323512,0.10836923634311629,-0.015188824408412368,0.10762608053743343,-0.9932478364674521,-0.0433054516299685,0.019779245704773067,-0.04141067455542487,0.9989464137140764
19,0.0,0.0,30.555555555555557,10.555555555555557,0.0033884201932214628,-0.03872244974419844,-1.2804820421073824,1.2810718830983256,328.2500000000041,-0.01568117671915794,0.006190052374867455,0.01099605197220732,-0.0007853320183027298,-0.042604837496489203,0.02221741949607709,-0.007102350198605215,-0.02829737739210267,0.05928672201383722,0.9843188232808421,0.006190052374867455,0.01099605197220732,-0.0007853320183027298,0.9573951625035108,0.02221741949607709,-0.007102350198605215,-0.02829737739210267,1.0592867220138373,0.9689346059897042,0.005542089878334971,0.003282747626648914,0.005542089878334971,0.9174445555007984,-0.008636120052788784,0.003282747626648914,-0.008636120052788784,1.122702886322861,0.9694886642618674,0.916467493729126,1.1231258898223688,0.9939946721323512,0.10836923634311629,-0.015188824408412368,0.10762608053743343,-0.9932478364674521,-0.0433054516299685,0.019779245704773067,-0.04141067455542487,0.9989464137140764
20,0.0,0.0,31.11111111111111,11.11111111111111,0.00949733795555885,-0.026379438913044572,-1.2475449743219171,1.2478599830034947,328.2500000000043,-0.01568117671915794,0.006190052374867455,0.01099605197220732,-0.0007853320183027298,-0.042604837496489203,0.02221741949607709,-0.007102350198605215,-0.02829737739210267,0.05928672201383722,0.9843188232808421,0.006190052374867455,0.01099605197220732,-0.0007853320183027298,0.9573951625035108,0.02221741949607709,-0.007102350198605215,-0.02829737739210267,1.0592867220138373,0.9689346059897042,0.005542089878334971,0.003282747626648914,0.005542089878334971,0.9174445555007984,-0.008636120052788784,0.003282747626648914,-0.008636120052788784,1.122702886322861,0.9694886642618674,0.916467493729126,1.1231258898223688,0.9939946721323512,0.10836923634311629,-0.015188824408412368,0.10762608053743343,-0.9932478364674521,-0.0433054516299685,0.019779245704773067,-0.04141067455542487,0.9989464137140764
21,0.0,0.0,31.666666666666668,11.666666666666668,0.012001430753079242,-0.019035255582186095,-1.2121068094375094,1.2123156737335283,328.2500000000044,-0.019896994017175807,0.008274620289961964,-0.0052510413831281634,-0.006631425421238151,-0.03971415749901051,-0.00031250022462807336,-0.004177334832629401,-0.029743690823649707,0.07055926879596257,0.9801030059828242,0.008274620289961964,-0.0052510413831281634,-0.006631425421238151,0.9602858425009895,-0.00031250022462807336,-0.004177334832629401,-0.029743690823649707,1.0705592687959626,0.9606633282659893,0.0018661656276706233,-0.009616573646146015,0.0018661656276706233,0.9231020557925911,-0.032185923814520595,-0.009616573646146015,-0.032185923814520595,1.146124819096944,1.1511792520099062,0.9601669736873891,0.9185439774582296,0.05128352687961016,0.13996158235131992,-0.9888279705472044,0.9986118679842075,0.004724477424577415,0.05245966483076537,-0.0120140331229756,0.9901456634146207,0.13952500933288078
22,0.0,0.0,32.22222222222222,12.222222222222221,0.009084185540230272,-0.01920886681809056,-1.172907215661975,1.1730996716150301,328.25000000000375,-0.019896994017175807,0.008274620289961964,-0.0052510413831281634,-0.006631425421238151,-0.03971415749901051,-0.00031250022462807336,-0.004177334832629401,-0.029743690823649707,0.07055926879596257,0.9801030059828242,0.008274620289961964,-0.0052510413831281634,-0.006631425421238151,0.9602858425009895,-0.00031250022462807336,-0.004177334832629401,-0.029743690823649707,1.0705592687959626,0.9606633282659893,0.0018661656276706233,-0.009616573646146015,0.0018661656276706233,0.9231020557925911,-0.032185923814520595,-0.009616573646146015,-0.032185923814520595,1.146124819096944,1.1511792520099062,0.9601669736873891,0.9185439774582296,0.05128352687961016,0.13996158235131992,-0.9888279705472044,0.9986118679842075,0.004724477424577415,0.05245966483076537,-0.0120140331229756,0.9901456634146207,0.13952500933288078
23,0.0,0.0,32.77777777777778,12.777777777777779,0.006166940327381288,-0.019382478053995046,-1.1337076218864401,1.1338900667754006,328.2500000000031,-0.019896994017175807,0.008274620289961964,-0.0052510413831281634,-0.006631425421238151,-0.03971415749901051,-0.00031250022462807336,-0.004177334832629401,-0.029743690823649707,0.07055926879596257,0.9801030059828242,0.008274620289961964,-0.0052510413831281634,-0.006631425421238151,0.9602858425009895,-0.00031250022462807336,-0.004177334832629401,-0.029743690823649707,1.0705592687959626,0.9606633282659893,0.0018661656276706233,-0.009616573646146015,0.0018661656276706233,0.9231020557925911,-0.032185923814520595,-0.009616573646146015,-0.032185923814520595,1.146124819096944,1.1511792520099062,0.9601669736873891,0.9185439774582296,0.05128352687961016,0.13996158235131992,-0.9888279705472044,0.9986118679842075,0.004724477424577415,0.05245966483076537,-0.0120140331229756,0.9901456634146207,0.13952500933288078
24,0.0,0.0,33.333333333333336,13.333333333333336,0.0036037107068542136,-0.018231051295750398,-1.0983130530133867,1.0984702637676604,328.25000000000244,-0.020593061310159127,0.008811190642878724,-0.0040223587153656575,-0.009236721994867038,-0.03770583888376081,0.004286311954405871,0.0033041248574173475,-0.035510847974527485,0.05735316078975775,0.9794069386898409,0.008811190642878724,-0.0040223587153656575,-0.009236721994867038,0.9622941611162392,0.004286311954405871,0.0033041248574173475,-0.035510847974527485,1.0573531607897577,0.9593341858280895,-0.000376034665260674,-0.0004854906460005615,-0.000376034665260674,0.9273487099228218,-0.03345825615121883,-0.0004854906460005615,-0.03345825615121883,1.1180302584718966,0.9593385621592317,0.9216428874948147,1.1237317045687614,0.9999248312937173,-0.012251743411130849,0.00047596808593784214,-0.01199774258718326,-0.9857198702106199,-0.16796544777057812,-0.0025270407679158667,-0.1679471114825953,0.9857927681869094
25,0.0,0.0,33.888888888888886,13.888888888888886,0.0013690669760955346,-0.015849766876636057,-1.066450185907966,1.0665688390711423,328.2500000000019,-0.020593061310159127,0.008811190642878724,-0.0040223587153656575,-0.009236721994867038,-0.03770583888376081,0.004286311954405871,0.0033041248574173475,-0.035510847974527485,0.05735316078975775,0.9794069386898409,0.008811190642878724,-0.0040223587153656575,-0.009236721994867038,0.9622941611162392,0.004286311954405871,0.0033041248574173475,-0.035510847974527485,1.0573531607897577,0.9593341858280895,-0.000376034665260674,-0.0004854906460005615,-0.000376034665260674,0.9273487099228218,-0.03345825615121883,-0.0004854906460005615,-0.03345825615121883,1.1180302584718966,0.9593385621592317,0.9216428874948147,1.1237317045687614,0.9999248312937173,-0.012251743411130849,0.00047596808593784214,-0.01199774258718326,-0.9857198702106199,-0.16796544777057812,-0.0025270407679158667,-0.1679471114825953,0.9857927681869094
26,0.0,0.0,34.44444444444444,14.444444444444443,-0.0008655767546631721,-0.013468482457521663,-1.034587318802545,1.0346753449608557,328.2500000000013,-0.020593061310159127,0.008811190642878724,-0.0040223587153656575,-0.009236721994867038,-0.03770583888376081,0.004286311954405871,0.0033041248574173475,-0.035510847974527485,0.05735316078975775,0.9794069386898409,0.008811190642878724,-0.0040223587153656575,-0.009236721994867038,0.9622941611162392,0.004286311954405871,0.0033041248574173475,-0.035510847974527485,1.0573531607897577,0.9593341858280895,-0.000376034665260674,-0.0004854906460005615,-0.000376034665260674,0.9273487099228218,-0.03345825615121883,-0.0004854906460005615,-0.03345825615121883,1.1180302584718966,0.9593385621592317,0.9216428874948147,1.1237317045687614,0.9999248312937173,-0.012251743411130849,0.00047596808593784214,-0.01199774258718326,-0.9857198702106199,-0.16796544777057812,-0.0025270407679158667,-0.1679471114825953,0.9857927681869094
27,0.0,0.0,35.0,15.0,-0.003100220485421879,-0.011087198038407287,-1.002724451697124,1.0027905381278281,328.25000000000074,-0.020593061310159127,0.008811190642878724,-0.0040223587153656575,-0.009236721994867038,-0.03770583888376081,0.004286311954405871,0.0033041248574173475,-0.035510847974527485,0.05735316078975775,0.9794069386898409,0.008811190642878724,-0.0040223587153656575,-0.009236721994867038,0.9622941611162392,0.004286311954405871,0.0033041248574173475,-0.035510847974527485,1.0573531607897577,0.9593341858280895,-0.000376034665260674,-0.0004854906460005615,-0.000376034665260674,0.9273487099228218,-0.03345825615121883,-0.0004854906460005615,-0.03345825615121883,1.1180302584718966,0.9593385621592317,0.9216428874948147,1.1237317045687614,0.9999248312937173,-0.012251743411130849,0.00047596808593784214,-0.01199774258718326,-0.9857198702106199,-0.16796544777057812,-0.0025270407679158667,-0.1679471114825953,0.9857927681869094
28,0.0,0.0,35.55555555555556,15.555555555555557,-0.005334864216180575,-0.008705913619292927,-0.9708615845917031,0.9709152744416293,328.2500000000001,-0.020593061310159127,0.008811190642878724,-0.0040223587153656575,-0.009236721994867038,-0.03770583888376081,0.004286311954405871,0.0033041248574173475,-0.035510847974527485,0.05735316078975775,0.9794069386898409,0.008811190642878724,-0.0040223587153656575,-0.009236721994867038,0.9622941611162392,0.004286311954405871,0.0033041248574173475,-0.035510847974527485,1.0573531607897577,0.9593341858280895,-0.000376034665260674,-0.0004854906460005615,-0.000376034665260674,0.9273487099228218,-0.03345825615121883,-0.0004854906460005615,-0.03345825615121883,1.1180302584718966,0.9593385621592317,0.9216428874948147,1.1237317045687614,0.9999248312937173,-0.012251743411130849,0.00047596808593784214,-0.01199774258718326,-0.9857198702106199,-0.16796544777057812,-0.0025270407679158667,-0.1679471114825953,0.9857927681869094
29,0.0,0.0,36.111111111111114,16.111111111111114,-0.007569507946939285,-0.006324629200178528,-0.9389987174862819,0.9390505257045336,328.24999999999955,-0.020593061310159127,0.008811190642878724,-0.0040223587153656575,-0.009236721994867038,-0.03770583888376081,0.004286311954405871,0.0033041248574173475,-0.035510847974527485,0.05735316078975775,0.9794069386898409,0.008811190642878724,-0.0040223587153656575,-0.009236721994867038,0.9622941611162392,0.004286311954405871,0.0033041248574173475,-0.035510847974527485,1.0573531607897577,0.9593341858280895,-0.000376034665260674,-0.0004854906460005615,-0.000376034665260674,0.9273487099228218,-0.03345825615121883,-0.0004854906460005615,-0.03345825615121883,1.1180302584718966,0.9593385621592317,0.9216428874948147,1.1237317045687614,0.9999248312937173,-0.012251743411130849,0.00047596808593784214,-0.01199774258718326,-0.9857198702106199,-0.16796544777057812,-0.0025270407679158667,-0.1679471114825953,0.9857927681869094
30,0.0,0.0,36.66666666666667,16.66666666666667,-0.009804151677697985,-0.003943344781064163,-0.907135850380861,0.9071973999105098,328.249999999999,-0.020593061310159127,0.008811190642878724,-0.0040223587153656575,-0.009236721994867038,-0.03770583888376081,0.004286311954405871,0.0033041248574173475,-0.035510847974527485,0.05735316078975775,0.9794069386898409,0.008811190642878724,-0.0040223587153656575,-0.009236721994867038,0.9622941611162392,0.004286311954405871,0.0033041248574173475,-0.035510847974527485,1.0573531607897577,0.9593341858280895,-0.000376034665260674,-0.0004854906460005615,-0.000376034665260674,0.9273487099228218,-0.03345825615121883,-0.0004854906460005615,-0.03345825615121883,1.1180302584718966,0.9593385621592317,0.9216428874948147,1.1237317045687614,0.9999248312937173,-0.012251743411130849,0.00047596808593784214,-0.01199774258718326,-0.9857198702106199,-0.16796544777057812,-0.0025270407679158667,-0.1679471114825953,0.9857927681869094
31,0.0,0.0,37.22222222222222,17.22222222222222,-0.012038795408456667,-0.0015620603619498066,-0.8752729832754403,0.8753571658925003,328.24999999999835,-0.020593061310159127,0.008811190642878724,-0.0040223587153656575,-0.009236721994867038,-0.03770583888376081,0.004286311954405871,0.0033041248574173475,-0.035510847974527485,0.05735316078975775,0.9794069386898409,0.008811190642878724,-0.0040223587153656575,-0.009236721994867038,0.9622941611162392,0.004286311954405871,0.0033041248574173475,-0.035510847974527485,1.0573531607897577,0.9593341858280895,-0.000376034665260674,-0.0004854906460005615,-0.000376034665260674,0.9273487099228218,-0.03345825615121883,-0.0004854906460005615,-0.03345825615121883,1.1180302584718966,0.9593385621592317,0.9216428874948147,1.1237317045687614,0.9999248312937173,-0.012251743411130849,0.00047596808593784214,-0.01199774258718326,-0.9857198702106199,-0.16796544777057812,-0.0025270407679158667,-0.1679471114825953,0.9857927681869094
32,0.0,0.0,37.77777777777778,17.77777777777778,-0.01427343913921537,0.00081922405716457,-0.8434101161700193,0.8435312835045551,328.2499999999978,-0.020593061310159127,0.008811190642878724,-0.0040223587153656575,-0.009236721994867038,-0.03770583888376081,0.004286311954405871,0.0033041248574173475,-0.035510847974527485,0.05735316078975775,0.9794069386898409,0.008811190642878724,-0.0040223587153656575,-0.009236721994867038,0.9622941611162392,0.004286311954405871,0.0033041248574173475,-0.035510847974527485,1.0573531607897577,0.9593341858280895,-0.000376034665260674,-0.0004854906460005615,-0.000376034665260674,0.9273487099228218,-0.03345825615121883,-0.0004854906460005615,-0.03345825615121883,1.1180302584718966,0.9593385621592317,0.9216428874948147,1.1237317045687614,0.9999248312937173,-0.012251743411130849,0.00047596808593784214,-0.01199774258718326,-0.9857198702106199,-0.16796544777057812,-0.0025270407679158667,-0.1679471114825953,0.9857927681869094
33,0.0,0.0,38.333333333333336,18.333333333333336,-0.017015897540227497,0.004278506462439896,-0.8084957532241501,0.8086861130056177,328.2499999999968,-0.02209545027721402,0.0065968170178592475,-0.005006089862232763,-0.006047424056492251,-0.03300512728913945,0.006374593875677262,0.012332091066852355,-0.022204513396652775,0.06326447387034728,0.977904549722786,0.0065968170178592475,-0.005006089862232763,-0.006047424056492251,0.9669948727108606,0.006374593875677262,0.012332091066852355,-0.022204513396652775,1.0632644738703472,0.956485960176325,0.00032940123841427384,0.008178246394965305,0.00032940123841427384,0.9356156422590427,-0.017478094919641234,0.008178246394965305,-0.017478094919641234,1.1305970377775747,1.132525650492092,0.9561617233134684,0.9340112664073817,0.04606097826676186,-0.0882439403538119,0.9950333628938991,0.9978095201242257,0.0514110259180973,-0.04163013287885379,0.0474820790464248,-0.9947712869825316,-0.09041868592579198
34,0.0,0.0,38.888888888888886,18.888888888888886,-0.012160300628251245,0.007165127722567683,-0.7832247865594612,0.7833519504333691,328.2499999999976,-0.019566021185781407,-0.007129351913162111,0.012285806447039582,-0.004940725423415771,-0.027111486057788493,0.0032808799064001823,0.009215655327918133,-0.003902505817793954,0.04071410725390737,0.9804339788142186,-0.007129351913162111,0.012285806447039582,-0.004940725423415771,0.9728885139422115,0.0032808799064001823,0.009215655327918133,-0.003902505817793954,1.0407141072539075,0.9613601258843121,-0.011832598026103747,0.021620074678401706,-0.011832598026103747,0.9465781177710443,-0.0009570523193560203,0.021620074678401706,-0.0009570523193560203,1.0832475582503118,1.087031285035285,0.9648478955122918,0.9393066213580924,-0.17144249570704756,0.02115491676880958,-0.9849669741479882,0.8327342537908717,-0.5311379338292277,-0.15635267126269117,0.5264609512861362,0.8470212303975146,-0.07344318911088421
35,0.0,0.0,39.44444444444444,19.444444444444443,-0.00551106283592931,0.008875195425405073,-0.7601350058124076,0.760206792898386,328.24999999999864,-0.018312618297473666,-0.0034682163869342235,0.011481743522547869,-0.004139480767821406,-0.024771085137093855,0.0027668782816868526,0.005866573281450449,-0.01368502935827294,0.04286255667090307,0.9816873817025263,-0.0034682163869342235,0.011481743522547869,-0.004139480767821406,0.9752289148629062,0.0027668782816868526,0.005866573281450449,-0.01368502935827294,1.042862556670903,0.9637616673770555,-0.007521929828954703,0.01737805890778664,-0.007521929828954703,0.9512707449381248,-0.011613086171513153,0.01737805890778664,-0.011613086171513153,1.0877017981559158,1.0912162937721357,0.9638611471941473,0.9476567695048137,-0.1397314571867623,0.08934403975318107,-0.9861504765668605,0.9060265235521663,-0.39026464954203927,-0.16373589080530043,0.3994884960702237,0.9163575425991769,0.026415821568687343
36,0.0,0.0,40.0,20.0,0.0008676835654862009,0.01041235002634222,-0.7363224743285725,0.736396602456307,328.2499999999996,-0.018312618297473666,-0.0034682163869342235,0.011481743522547869,-0.004139480767821406,-0.024771085137093855,0.0027668782816868526,0.005866573281450449,-0.01368502935827294,0.04286255667090307,0.9816873817025263,-0.0034682163869342235,0.011481743522547869,-0.004139480767821406,0.9752289148629062,0.0027668782816868526,0.005866573281450449,-0.01368502935827294,1.042862556670903,0.9637616673770555,-0.007521929828954703,0.01737805890778664,-0.007521929828954703,0.9512707449381248,-0.011613086171513153,0.01737805890778664,-0.011613086171513153,1.0877017981559158,1.0912162937721357,0.9638611471941473,0.9476567695048137,-0.1397314571867623,0.08934403975318107,-0.9861504765668605,0.9060265235521663,-0.39026464954203927,-0.16373589080530043,0.3994884960702237,0.9163575425991769,0.026415821568687343
37,0.0,0.0,40.55555555555556,20.555555555555557,0.006336523392576709,0.010865873448596887,-0.713014889750272,0.7131258316314858,328.2500000000007,-0.013311510487104229,-0.0012600513939636541,0.004045534637677824,0.0018164673527749067,-0.02214132456433025,-0.006089094437071964,0.008641906468775992,-0.01245962214442027,0.03873587952483683,0.9866884895128958,-0.0012600513939636541,0.004045534637677824,0.0018164673527749067,0.9778586754356697,-0.006089094437071964,0.008641906468775992,-0.01245962214442027,1.038735879524837,0.9736321574382986,0.00042529526372962095,0.012957280136284936,0.00042529526372962095,0.9563644190382997,-0.018901627969128955,0.012957280136284936,-0.018901627969128955,1.0790256708338049,1.0833543095033353,0.9724387098995588,0.9532292279075086,0.11546499081909072,-0.14585868149792922,0.9825441877731672,0.9858072474152625,0.13818594857986133,-0.09533475000558445,0.12186839967231558,-0.9796070072466662,-0.1597441846031938
38,0.0,0.0,41.111111111111114,21.111111111111114,0.00796710120774753,0.007244879873304613,-0.6889327033134331,0.689016859504024,328.25000000000017,-0.012551207383529928,-0.0027609384202029147,0.0022888092921935156,0.0021099738553772983,-0.0227207252004737,-0.006767258592606924,0.0054842498435595955,-0.0062262057084941196,0.04603183215185643,0.9874487926164701,-0.0027609384202029147,0.0022888092921935156,0.0021099738553772983,0.9772792747995263,-0.006767258592606924,0.0054842498435595955,-0.0062262057084941196,1.0460318321518565,0.9750896470257415,-0.0006983976579714849,0.007982503145240042,-0.0006983976579714849,0.9551211693711725,-0.013132630195885543,0.007982503145240042,-0.013132630195885543,1.0942336283118048,1.095993579649775,0.9745587118386919,0.9538921532202521,0.06612946256167525,-0.09294295096982429,0.9934729498312095,-0.9978083274597367,-0.008486177367052377,0.06562413005669296,-0.0023314873593396827,0.9956352708992967,0.09330043680485868
39,0.0,0.0,41.66666666666667,21.66666666666667,0.009238661925632831,0.003485291766300764,-0.6633594632290685,0.663432948826353,328.24999999999943,-0.012551207383529928,-0.0027609384202029147,0.0022888092921935156,0.0021099738553772983,-0.0227207252004737,-0.006767258592606924,0.0054842498435595955,-0.0062262057084941196,0.04603183215185643,0.9874487926164701,-0.0027609384202029147,0.0022888092921935156,0.0021099738553772983,0.9772792747995263,-0.006767258592606924,0.0054842498435595955,-0.0062262057084941196,1.0460318321518565,0.9750896470257415,-0.0006983976579714849,0.007982503145240042,-0.0006983976579714849,0.9551211693711725,-0.013132630195885543,0.007982503145240042,-0.013132630195885543,1.0942336283118048,1.095993579649775,0.9745587118386919,0.9538921532202521,0.06612946256167525,-0.09294295096982429,0.9934729498312095,-0.9978083274597367,-0.008486177367052377,0.06562413005669296,-0.0023314873593396827,0.9956352708992967,0.09330043680485868
40,0.0,0.0,42.22222222222222,22.22222222222222,0.010510222643518094,-0.0002742963407030598,-0.637786223144704,0.6378728764038216,328.24999999999864,-0.012551207383529928,-0.0027609384202029147,0.0022888092921935156,0.0021099738553772983,-0.0227207252004737,-0.006767258592606924,0.0054842498435595955,-0.0062262057084941196,0.04603183215185643,0.9874487926164701,-0.0027609384202029147,0.0022888092921935156,0.0021099738553772983,0.9772792747995263,-0.006767258592606924,0.0054842498435595955,-0.0062262057084941196,1.0460318321518565,0.9750896470257415,-0.0006983976579714849,0.007982503145240042,-0.0006983976579714849,0.9551211693711725,-0.013132630195885543,0.007982503145240042,-0.013132630195885543,1.0942336283118048,1.095993579649775,0.9745587118386919,0.9538921532202521,0.06612946256167525,-0.09294295096982429,0.9934729498312095,-0.9978083274597367,-0.008486177367052377,0.06562413005669296,-0.0023314873593396827,0.9956352708992967,0.09330043680485868
41,0.0,0.0,42.77777777777778,22.77777777777778,0.01178178336140339,-0.004033884447706908,-0.6122129830603393,0.6123396273887163,328.2499999999979,-0.012551207383529928,-0.0027609384202029147,0.0022888092921935156,0.0021099738553772983,-0.0227207252004737,-0.006767258592606924,0.0054842498435595955,-0.0062262057084941196,0.04603183215185643,0.9874487926164701,-0.0027609384202029147,0.0022888092921935156,0.0021099738553772983,0.9772792747995263,-0.006767258592606924,0.0054842498435595955,-0.0062262057084941196,1.0460318321518565,0.9750896470257415,-0.0006983976579714849,0.007982503145240042,-0.0006983976579714849,0.9551211693711725,-0.013132630195885543,0.007982503145240042,-0.013132630195885543,1.0942336283118048,1.095993579649775,0.9745587118386919,0.9538921532202521,0.06612946256167525,-0.09294295096982429,0.9934729498312095,-0.9978083274597367,-0.008486177367052377,0.06562413005669296,-0.0023314873593396827,0.9956352708992967,0.09330043680485868
42,0.0,0.0,43.333333333333336,23.333333333333336,0.01305334407928869,-0.007793472554710752,-0.5866397429759745,0.5868367030486683,328.249999999997,-0.012551207383529928,-0.0027609384202029147,0.0022888092921935156,0.0021099738553772983,-0.0227207252004737,-0.006767258592606924,0.0054842498435595955,-0.0062262057084941196,0.04603183215185643,0.9874487926164701,-0.0027609384202029147,0.0022888092921935156,0.0021099738553772983,0.9772792747995263,-0.006767258592606924,0.0054842498435595955,-0.0062262057084941196,1.0460318321518565,0.9750896470257415,-0.0006983976579714849,0.007982503145240042,-0.0006983976579714849,0.9551211693711725,-0.013132630195885543,0.007982503145240042,-0.013132630195885543,1.0942336283118048,1.095993579649775,0.9745587118386919,0.9538921532202521,0.06612946256167525,-0.09294295096982429,0.9934729498312095,-0.9978083274597367,-0.008486177367052377,0.06562413005669296,-0.0023314873593396827,0.9956352708992967,0.09330043680485868
43,0.0,0.0,43.888888888888886,23.888888888888886,0.014697394661054644,-0.008182338893891777,-0.5668028144770318,0.567052373752797,328.24999999999727,-0.012529493259093359,-0.002618152737844296,0.003045826944997828,0.0023064685227624244,-0.02142863418182027,8.311809778064998e-05,0.005149854211219096,-0.008425092828302056,0.03437382597979587,0.9874705067409066,-0.002618152737844296,0.003045826944997828,0.0023064685227624244,0.9785713658181797,8.311809778064998e-05,0.005149854211219096,-0.008425092828302056,1.0343738259797959,0.9751298424785864,-0.0003716925580096773,0.008334730389795176,-0.0003716925580096773,0.9576797549121819,-0.008641332952731362,0.008334730389795176,-0.008641332952731362,1.0699384958424782,1.0713226641479987,0.9744109848694872,0.9570144442157608,0.08636495684997464,-0.0758180190004672,0.9933744119027563,-0.9961482362640366,-0.02174322522462046,0.08494659230881735,-0.015158681220679293,0.996884577146059,0.07740383861265032
44,0.0,0.0,44.44444444444444,24.444444444444443,0.016389520741609,-0.008136162172902531,-0.5477062444882563,0.5480118098877733,328.2499999999974,-0.012529493259093359,-0.002618152737844296,0.003045826944997828,0.0023064685227624244,-0.02142863418182027,8.311809778064998e-05,0.005149854211219096,-0.008425092828302056,0.03437382597979587,0.9874705067409066,-0.002618152737844296,0.003045826944997828,0.0023064685227624244,0.9785713658181797,8.311809778064998e-05,0.005149854211219096,-0.008425092828302056,1.0343738259797959,0.9751298424785864,-0.0003716925580096773,0.008334730389795176,-0.0003716925580096773,0.9576797549121819,-0.008641332952731362,0.008334730389795176,-0.008641332952731362,1.0699384958424782,1.0713226641479987,0.9744109848694872,0.9570144442157608,0.08636495684997464,-0.0758180190004672,0.9933744119027563,-0.9961482362640366,-0.02174322522462046,0.08494659230881735,-0.015158681220679293,0.996884577146059,0.07740383861265032
45,0.0,0.0,45.0,25.0,0.018081646822163348,-0.008089985451913285,-0.5286096744994808,0.5289807007735354,328.2499999999975,-0.012529493259093359,-0.002618152737844296,0.003045826944997828,0.0023064685227624244,-0.02142863418182027,8.311809778064998e-05,0.005149854211219096,-0.008425092828302056,0.03437382597979587,0.9874705067409066,-0.002618152737844296,0.003045826944997828,0.0023064685227624244,0.9785713658181797,8.311809778064998e-05,0.005149854211219096,-0.008425092828302056,1.0343738259797959,0.9751298424785864,-0.0003716925580096773,0.008334730389795176,-0.0003716925580096773,0.9576797549121819,-0.008641332952731362,0.008334730389795176,-0.008641332952731362,1.0699384958424782,1.0713226641479987,0.9744109848694872,0.9570144442157608,0.08636495684997464,-0.0758180190004672,0.9933744119027563,-0.9961482362640366,-0.02174322522462046,0.08494659230881735,-0.015158681220679293,0.996884577146059,0.07740383861265032
46,0.0,0.0,45.55555555555556,25.555555555555557,0.0197737729027177,-0.008043808730924022,-0.5095131045107052,0.5099601049315963,328.2499999999976,-0.012529493259093359,-0.002618152737844296,0.003045826944997828,0.0023064685227624244,-0.02142863418182027,8.311809778064998e-05,0.005149854211219096,-0.008425092828302056,0.03437382597979587,0.9874705067409066,-0.002618152737844296,0.003045826944997828,0.0023064685227624244,0.9785713658181797,8.311809778064998e-05,0.005149854211219096,-0.008425092828302056,1.0343738259797959,0.9751298424785864,-0.0003716925580096773,0.008334730389795176,-0.0003716925580096773,0.9576797549121819,-0.008641332952731362,0.008334730389795176,-0.008641332952731362,1.0699384958424782,1.0713226641479987,0.9744109848694872,0.9570144442157608,0.08636495684997464,-0.0758180190004672,0.9933744119027563,-0.9961482362640366,-0.02174322522462046,0.08494659230881735,-0.015158681220679293,0.996884577146059,0.07740383861265032
47,0.0,0.0,46.111111111111114,26.111111111111114,0.021465898983272058,-0.007997632009934787,-0.4904165345219297,0.4909512442895174,328.2499999999978,-0.012529493259093359,-0.002618152737844296,0.003045826944997828,0.0023064685227624244,-0.02142863418182027,8.311809778064998e-05,0.005149854211219096,-0.008425092828302056,0.03437382597979587,0.9874705067409066,-0.002618152737844296,0.003045826944997828,0.0023064685227624244,0.9785713658181797,8.311809778064998e-05,0.005149854211219096,-0.008425092828302056,1.0343738259797959,0.9751298424785864,-0.0003716925580096773,0.008334730389795176,-0.0003716925580096773,0.9576797549121819,-0.008641332952731362,0.008334730389795176,-0.008641332952731362,1.0699384958424782,1.0713226641479987,0.9744109848694872,0.9570144442157608,0.08636495684997464,-0.0758180190004672,0.9933744119027563,-0.9961482362640366,-0.02174322522462046,0.08494659230881735,-0.015158681220679293,0.996884577146059,0.07740383861265032
48,0.0,0.0,46.66666666666667,26.66666666666667,0.02315802506382641,-0.007951455288945527,-0.47131996453315417,0.471955536818462,328.24999999999795,-0.012529493259093359,-0.002618152737844296,0.003045826944997828,0.0023064685227624244,-0.02142863418182027,8.311809778064998e-05,0.005149854211219096,-0.008425092828302056,0.03437382597979587,0.9874705067409066,-0.002618152737844296,0.003045826944997828,0.0023064685227624244,0.9785713658181797,8.311809778064998e-05,0.005149854211219096,-0.008425092828302056,1.0343738259797959,0.9751298424785864,-0.0003716925580096773,0.008334730389795176,-0.0003716925580096773,0.9576797549121819,-0.008641332952731362,0.008334730389795176,-0.008641332952731362,1.0699384958424782,1.0713226641479987,0.9744109848694872,0.9570144442157608,0.08636495684997464,-0.0758180190004672,0.9933744119027563,-0.9961482362640366,-0.02174322522462046,0.08494659230881735,-0.015158681220679293,0.996884577146059,0.07740383861265032
49,0.0,0.0,47.22222222222223,27.22222222222223,0.024850151144380758,-0.00790527856795627,-0.4522233945443786,0.45297463727495413,328.249999999998,-0.012529493259093359,-0.002618152737844296,0.003045826944997828,0.0023064685227624244,-0.02142863418182027,8.311809778064998e-05,0.005149854211219096,-0.008425092828302056,0.03437382597979587,0.9874705067409066,-0.002618152737844296,0.003045826944997828,0.0023064685227624244,0.9785713658181797,8.311809778064998e-05,0.005149854211219096,-0.008425092828302056,1.0343738259797959,0.9751298424785864,-0.0003716925580096773,0.008334730389795176,-0.0003716925580096773,0.9576797549121819,-0.008641332952731362,0.008334730389795176,-0.008641332952731362,1.0699384958424782,1.0713226641479987,0.9744109848694872,0.9570144442157608,0.08636495684997464,-0.0758180190004672,0.9933744119027563,-0.9961482362640366,-0.02174322522462046,0.08494659230881735,-0.015158681220679293,0.996884577146059,0.07740383861265032
50,0.0,0.0,47.77777777777778,27.77777777777778,0.026542277224935098,-0.007859101846967038,-0.4331268245556033,0.4340104884812655,328.2499999999982,-0.012529493259093359,-0.002618152737844296,0.003045826944997828,0.0023064685227624244,-0.02142863418182027,8.311809778064998e-05,0.005149854211219096,-0.008425092828302056,0.03437382597979587,0.9874705067409066,-0.002618152737844296,0.003045826944997828,0.0023064685227624244,0.9785713658181797,8.311809778064998e-05,0.005149854211219096,-0.008425092828302056,1.0343738259797959,0.9751298424785864,-0.0003716925580096773,0.008334730389795176,-0.0003716925580096773,0.9576797549121819,-0.008641332952731362,0.008334730389795176,-0.008641332952731362,1.0699384958424782,1.0713226641479987,0.9744109848694872,0.9570144442157608,0.08636495684997464,-0.0758180190004672,0.9933744119027563,-0.9961482362640366,-0.02174322522462046,0.08494659230881735,-0.015158681220679293,0.996884577146059,0.07740383861265032
51,0.0,0.0,48.333333333333336,28.333333333333336,0.026928723319514593,-0.010865034444690757,-0.4166344208281191,0.4176451193679695,328.2499999999978,-0.014922716476839936,0.00015887831578778036,0.00010866581661074774,-0.003287841693451164,-0.014937148941799766,-0.0067826812916606674,0.0003765933614402194,-0.0028863309156530077,0.028515686162473176,0.98507728352316,0.00015887831578778036,0.00010866581661074774,-0.003287841693451164,0.9850628510582002,-0.0067826812916606674,0.0003765933614402194,-0.0028863309156530077,1.0285156861624731,0.9703882062389293,-0.003083310265713818,0.0005166767893287739,-0.003083310265713818,0.970357176683384,-0.009649986728545258,0.0005166767893287739,-0.009649986728545258,1.0578905332560269,0.9667863795151032,0.9728996589885264,1.0589498776747106,-0.6419588974237657,-0.7628465170631626,-0.07716194284143531,-0.7666791938938823,0.6373924991438346,0.0770312643373054,0.009580588118189199,-0.1086093616580932,0.9940383387432957
52,0.0,0.0,48.888888888888886,28.888888888888886,0.0268555875431583,-0.012260857817221499,-0.4012143606490562,0.40229903605121065,328.2499999999979,-0.01381370849711375,0.0015929591695608854,-0.0008330021277896775,-0.0008492345674667017,-0.013125734204137433,-0.0004777881417877827,0.0008299057828627006,-0.0021151880611154153,0.02697645135616695,0.9861862915028863,0.0015929591695608854,-0.0008330021277896775,-0.0008492345674667017,0.9868742657958626,-0.0004777881417877827,0.0008299057828627006,-0.0021151880611154153,1.026976451356167,0.9725648114911748,0.0007311113488838372,3.1204170831314326e-05,0.0007311113488838372,0.9739278280295727,-0.0026450920889657544,3.1204170831314326e-05,-0.0026450920889657544,1.054681553814159,0.9722320728808875,0.9741740186361636,1.0547681018178567,0.910306228167184,-0.4137114329117902,-0.01361694672487781,-0.4139354576734609,-0.9098205595120415,-0.02973190827811511,8.854771113307595e-05,-0.0327016783555411,0.9994651531654486
53,0.0,0.0,49.44444444444444,29.444444444444443,0.02593376569264623,-0.011825760781491635,-0.3864104416221799,0.3874602408192488,328.24999999999824,-0.013246670100280415,-6.384013195136554e-05,-0.002406227971006323,-0.001988659531754072,-0.011137767362098261,0.001885065558650655,-0.0009019708192519573,-0.006636349764059435,0.026077749778638446,0.9867533298997195,-6.384013195136554e-05,-0.002406227971006323,-0.001988659531754072,0.9888622326379017,0.001885065558650655,-0.0009019708192519573,-0.006636349764059435,1.0260777497786384,0.9736869023862768,-0.0020235189734776923,-0.0033035944050635703,-0.0020235189734776923,0.9778925603513691,-0.004945187081742829,-0.0033035944050635703,-0.004945187081742829,1.052844891996003,1.0532955995247655,0.9725638049840236,0.9785649502248588,-0.03974396330179365,-0.0643290560106212,0.9971369965726112,0.9124269499574974,0.4044450856531397,0.062459856566300924,0.40730514159820347,-0.9122970707197292,-0.0426213137276241
54,0.0,0.0,50.0,30.0,0.024596972375420474,-0.010778502137796818,-0.37192280285626955,0.37289108120580633,328.24999999999824,-0.013246670100280415,-6.384013195136554e-05,-0.002406227971006323,-0.001988659531754072,-0.011137767362098261,0.001885065558650655,-0.0009019708192519573,-0.006636349764059435,0.026077749778638446,0.9867533298997195,-6.384013195136554e-05,-0.002406227971006323,-0.001988659531754072,0.9888622326379017,0.001885065558650655,-0.0009019708192519573,-0.006636349764059435,1.0260777497786384,0.9736869023862768,-0.0020235189734776923,-0.0033035944050635703,-0.0020235189734776923,0.9778925603513691,-0.004945187081742829,-0.0033035944050635703,-0.004945187081742829,1.052844891996003,1.0532955995247655,0.9725638049840236,0.9785649502248588,-0.03974396330179365,-0.0643290560106212,0.9971369965726112,0.9124269499574974,0.4044450856531397,0.062459856566300924,0.40730514159820347,-0.9122970707197292,-0.0426213137276241
55,0.0,0.0,50.55555555555556,30.555555555555557,0.023260179058194743,-0.00973124349410201,-0.3574351640903593,0.35832335893444467,328.24999999999824,-0.013246670100280415,-6.384013195136554e-05,-0.002406227971006323,-0.001988659531754072,-0.011137767362098261,0.001885065558650655,-0.0009019708192519573,-0.006636349764059435,0.026077749778638446,0.9867533298997195,-6.384013195136554e-05,-0.002406227971006323,-0.001988659531754072,0.9888622326379017,0.001885065558650655,-0.0009019708192519573,-0.006636349764059435,1.0260777497786384,0.9736869023862768,-0.0020235189734776923,-0.0033035944050635703,-0.0020235189734776923,0.9778925603513691,-0.004945187081742829,-0.0033035944050635703,-0.004945187081742829,1.052844891996003,1.0532955995247655,0.9725638049840236,0.9785649502248588,-0.03974396330179365,-0.0643290560106212,0.9971369965726112,0.9124269499574974,0.4044450856531397,0.062459856566300924,0.40730514159820347,-0.9122970707197292,-0.0426213137276241
56,0.0,0.0,51.111111111111114,31.111111111111114,0.021923385740969005,-0.008683984850407197,-0.34294752532444905,0.3437572567399749,328.24999999999824,-0.013246670100280415,-6.384013195136554e-05,-0.002406227971006323,-0.001988659531754072,-0.011137767362098261,0.001885065558650655,-0.0009019708192519573,-0.006636349764059435,0.026077749778638446,0.9867533298997195,-6.384013195136554e-05,-0.002406227971006323,-0.001988659531754072,0.9888622326379017,0.001885065558650655,-0.0009019708192519573,-0.006636349764059435,1.0260777497786384,0.9736869023862768,-0.0020235189734776923,-0.0033035944050635703,-0.0020235189734776923,0.9778925603513691,-0.004945187081742829,-0.0033035944050635703,-0.004945187081742829,1.052844891996003,1.0532955995247655,0.9725638049840236,0.9785649502248588,-0.03974396330179365,-0.0643290560106212,0.9971369965726112,0.9124269499574974,0.4044450856531397,0.062459856566300924,0.40730514159820347,-0.9122970707197292,-0.0426213137276241
57,0.0,0.0,51.66666666666667,31.66666666666667,0.020586592423743253,-0.007636726206712385,-0.3284598865585387,0.3291929896775229,328.24999999999824,-0.013246670100280415,-6.384013195136554e-05,-0.002406227971006323,-0.001988659531754072,-0.011137767362098261,0.001885065558650655,-0.0009019708192519573,-0.006636349764059435,0.026077749778638446,0.9867533298997195,-6.384013195136554e-05,-0.002406227971006323,-0.001988659531754072,0.9888622326379017,0.001885065558650655,-0.0009019708192519573,-0.006636349764059435,1.0260777497786384,0.9736869023862768,-0.0020235189734776923,-0.0033035944050635703,-0.0020235189734776923,0.9778925603513691,-0.004945187081742829,-0.0033035944050635703,-0.004945187081742829,1.052844891996003,1.0532955995247655,0.9725638049840236,0.9785649502248588,-0.03974396330179365,-0.0643290560106212,0.9971369965726112,0.9124269499574974,0.4044450856531397,0.062459856566300924,0.40730514159820347,-0.9122970707197292,-0.0426213137276241
58,0.0,0.0,52.22222222222222,32.22222222222222,0.019249799106517543,-0.006589467563017586,-0.31397224779262867,0.31463081259209363,328.24999999999824,-0.013246670100280415,-6.384013195136554e-05,-0.002406227971006323,-0.001988659531754072,-0.011137767362098261,0.001885065558650655,-0.0009019708192519573,-0.006636349764059435,0.026077749778638446,0.9867533298997195,-6.384013195136554e-05,-0.002406227971006323,-0.001988659531754072,0.9888622326379017,0.001885065558650655,-0.0009019708192519573,-0.006636349764059435,1.0260777497786384,0.9736869023862768,-0.0020235189734776923,-0.0033035944050635703,-0.0020235189734776923,0.9778925603513691,-0.004945187081742829,-0.0033035944050635703,-0.004945187081742829,1.052844891996003,1.0532955995247655,0.9725638049840236,0.9785649502248588,-0.03974396330179365,-0.0643290560106212,0.9971369965726112,0.9124269499574974,0.4044450856531397,0.062459856566300924,0.40730514159820347,-0.9122970707197292,-0.0426213137276241
59,0.0,0.0,52.77777777777778,32.77777777777778,0.0179130057892918,-0.005542208919322775,-0.29948460902671836,0.30007102975795413,328.2499999999983,-0.013246670100280415,-6.384013195136554e-05,-0.002406227971006323,-0.001988659531754072,-0.011137767362098261,0.001885065558650655,-0.0009019708192519573,-0.006636349764059435,0.026077749778638446,0.9867533298997195,-6.384013195136554e-05,-0.002406227971006323,-0.001988659531754072,0.9888622326379017,0.001885065558650655,-0.0009019708192519573,-0.006636349764059435,1.0260777497786384,0.9736869023862768,-0.0020235189734776923,-0.0033035944050635703,-0.0020235189734776923,0.9778925603513691,-0.004945187081742829,-0.0033035944050635703,-0.004945187081742829,1.052844891996003,1.0532955995247655,0.9725638049840236,0.9785649502248588,-0.03974396330179365,-0.0643290560106212,0.9971369965726112,0.9124269499574974,0.4044450856531397,0.062459856566300924,0.40730514159820347,-0.9122970707197292,-0.0426213137276241
60,0.0,0.0,53.333333333333336,33.333333333333336,0.01657621247206606,-0.004494950275627965,-0.28499697026080806,0.28551400745977307,328.2499999999983,-0.013246670100280415,-6.384013195136554e-05,-0.002406227971006323,-0.001988659531754072,-0.011137767362098261,0.001885065558650655,-0.0009019708192519573,-0.006636349764059435,0.026077749778638446,0.9867533298997195,-6.384013195136554e-05,-0.002406227971006323,-0.001988659531754072,0.9888622326379017,0.001885065558650655,-0.0009019708192519573,-0.006636349764059435,1.0260777497786384,0.9736869023862768,-0.0020235189734776923,-0.0033035944050635703,-0.0020235189734776923,0.9778925603513691,-0.004945187081742829,-0.0033035944050635703,-0.004945187081742829,1.052844891996003,1.0532955995247655,0.9725638049840236,0.9785649502248588,-0.03974396330179365,-0.0643290560106212,0.9971369965726112,0.9124269499574974,0.4044450856531397,0.062459856566300924,0.40730514159820347,-0.9122970707197292,-0.0426213137276241
61,0.0,0.0,53.88888888888889,33.88888888888889,0.015239419154840325,-0.0034476916319331526,-0.27050933149489775,0.27096019061770366,328.24999999999824,-0.013246670100280415,-6.384013195136554e-05,-0.002406227971006323,-0.001988659531754072,-0.011137767362098261,0.001885065558650655,-0.0009019708192519573,-0.006636349764059435,0.026077749778638446,0.9867533298997195,-6.384013195136554e-05,-0.002406227971006323,-0.001988659531754072,0.9888622326379017,0.001885065558650655,-0.0009019708192519573,-0.006636349764059435,1.0260777497786384,0.9736869023862768,-0.0020235189734776923,-0.0033035944050635703,-0.0020235189734776923,0.9778925603513691,-0.004945187081742829,-0.0033035944050635703,-0.004945187081742829,1.052844891996003,1.0532955995247655,0.9725638049840236,0.9785649502248588,-0.03974396330179365,-0.0643290560106212,0.9971369965726112,0.9124269499574974,0.4044450856531397,0.062459856566300924,0.40730514159820347,-0.9122970707197292,-0.0426213137276241
62,0.0,0.0,54.44444444444444,34.44444444444444,0.013902625837614585,-0.0024004329882383523,-0.2560216927289876,0.25641012505657396,328.2499999999983,-0.013246670100280415,-6.384013195136554e-05,-0.002406227971006323,-0.001988659531754072,-0.011137767362098261,0.001885065558650655,-0.0009019708192519573,-0.006636349764059435,0.026077749778638446,0.9867533298997195,-6.384013195136554e-05,-0.002406227971006323,-0.001988659531754072,0.9888622326379017,0.001885065558650655,-0.0009019708192519573,-0.006636349764059435,1.0260777497786384,0.9736869023862768,-0.0020235189734776923,-0.0033035944050635703,-0.0020235189734776923,0.9778925603513691,-0.004945187081742829,-0.0033035944050635703,-0.004945187081742829,1.052844891996003,1.0532955995247655,0.9725638049840236,0.9785649502248588,-0.03974396330179365,-0.0643290560106212,0.9971369965726112,0.9124269499574974,0.4044450856531397,0.062459856566300924,0.40730514159820347,-0.9122970707197292,-0.0426213137276241
63,0.0,0.0,55.0,35.0,0.01256583252038885,-0.0013531743445435434,-0.24153405396307737,0.24186448778515618,328.24999999999824,-0.013246670100280415,-6.384013195136554e-05,-0.002406227971006323,-0.001988659531754072,-0.011137767362098261,0.001885065558650655,-0.0009019708192519573,-0.006636349764059435,0.026077749778638446,0.9867533298997195,-6.384013195136554e-05,-0.002406227971006323,-0.001988659531754072,0.9888622326379017,0.001885065558650655,-0.0009019708192519573,-0.006636349764059435,1.0260777497786384,0.9736869023862768,-0.0020235189734776923,-0.0033035944050635703,-0.0020235189734776923,0.9778925603513691,-0.004945187081742829,-0.0033035944050635703,-0.004945187081742829,1.052844891996003,1.0532955995247655,0.9725638049840236,0.9785649502248588,-0.03974396330179365,-0.0643290560106212,0.9971369965726112,0.9124269499574974,0.4044450856531397,0.062459856566300924,0.40730514159820347,-0.9122970707197292,-0.0426213137276241
64,0.0,0.0,55.55555555555556,35.55555555555556,0.012160634612563255,-0.0012573762329235326,-0.22981004019958318,0.23013499648185937,328.2499999999977,-0.011378155876003122,0.0010983333141854745,0.0004351606865749907,-0.0009354470775992495,-0.007987900740883288,-3.653975449943557e-05,-0.0015905607892350085,-0.0029753032308147864,0.01925560182131265,0.9886218441239969,0.0010983333141854745,0.0004351606865749907,-0.0009354470775992495,0.9920120992591167,-3.653975449943557e-05,-0.0015905607892350085,-0.0029753032308147864,1.0192556018213126,0.9773765556239917,0.00016259388799284591,-0.001190944453006516,0.00016259388799284591,0.9840980638418639,-0.0030683644122133295,-0.001190944453006516,-0.0030683644122133295,1.0388821725441029,1.0390767577312794,0.9773518889104458,0.983928145368233,0.019415397471525996,0.05577008574397658,-0.9982548471593475,0.999705106267868,-0.015648630458779324,0.018569352888985882,0.014585706804048382,0.998320999428978,0.05605746387549649
65,0.0,0.0,56.111111111111114,36.111111111111114,0.012328116382933248,-0.0013548959946606458,-0.2191948631738322,0.21954545369581788,328.2499999999984,-0.00978214409922626,0.0012614215052654818,-0.0006631872249332355,0.0007238629143676153,-0.007818344432484761,-0.0011784484112776902,0.00017962021205846597,-0.002794417587246307,0.018037393638858826,0.9902178559007737,0.0012614215052654818,-0.0006631872249332355,0.0007238629143676153,0.9921816555675153,-0.0011784484112776902,0.00017962021205846597,-0.002794417587246307,1.018037393638859,0.9805319583856649,0.0019667836692326976,-0.00047469277450673216,0.0019667836692326976,0.9844338375985613,-0.0040148930515887735,-0.00047469277450673216,-0.0040148930515887735,1.0364019634049542,0.9796899821645584,0.9849605286018724,1.0367172486227505,-0.9173126855763276,0.3976409282320907,0.020472642122275297,0.3980123536358887,0.9143064583038183,0.07503243736643782,-0.01111769913096775,-0.07697657110217992,0.9969709144540699
66,0.0,0.0,56.66666666666667,36.66666666666667,0.0118005452113066,-0.0018073894956091242,-0.20883611369562083,0.20917705875062687,328.2499999999969,-0.009444467317212128,0.00010698063202433007,-0.001249321739578467,0.0002948009841456642,-0.006351478317362768,-0.0004336888671854175,-0.0005375522052666927,-0.00034256659890480405,0.019282251233859952,0.9905555326827878,0.00010698063202433007,-0.001249321739578467,0.0002948009841456642,0.9936485216826373,-0.0004336888671854175,-0.0005375522052666927,-0.00034256659890480405,1.01928225123386,0.9812006391984751,0.00039908296645921944,-0.0017855678350851552,0.00039908296645921944,0.9873375134388208,-0.000780240009107525,-0.0017855678350851552,-0.000780240009107525,1.0389380565712083,1.039005370501876,0.9811228290783642,0.9873480096282637,0.03097703942028192,0.015331315755345984,-0.9994025083948731,0.9977291415088193,-0.06030385765747265,0.03000008226157552,0.05980788587492175,0.9980623204534061,0.017164535482636325
67,0.0,0.0,57.22222222222222,37.22222222222222,0.011106477578207452,-0.002048327755156577,-0.19812375189903206,0.1984453843185499,328.2499999999974,-0.009444467317212128,0.00010698063202433007,-0.001249321739578467,0.0002948009841456642,-0.006351478317362768,-0.0004336888671854175,-0.0005375522052666927,-0.00034256659890480405,0.019282251233859952,0.9905555326827878,0.00010698063202433007,-0.001249321739578467,0.0002948009841456642,0.9936485216826373,-0.0004336888671854175,-0.0005375522052666927,-0.00034256659890480405,1.01928225123386,0.9812006391984751,0.00039908296645921944,-0.0017855678350851552,0.00039908296645921944,0.9873375134388208,-0.000780240009107525,-0.0017855678350851552,-0.000780240009107525,1.0389380565712083,1.039005370501876,0.9811228290783642,0.9873480096282637,0.03097703942028192,0.015331315755345984,-0.9994025083948731,0.9977291415088193,-0.06030385765747265,0.03000008226157552,0.05980788587492175,0.9980623204534061,0.017164535482636325
68,0.0,0.0,57.77777777777778,37.77777777777778,0.010412409945108302,-0.002289266014704031,-0.18741139010244318,0.18771437920383513,328.24999999999795,-0.009444467317212128,0.00010698063202433007,-0.001249321739578467,0.0002948009841456642,-0.006351478317362768,-0.0004336888671854175,-0.0005375522052666927,-0.00034256659890480405,0.019282251233859952,0.9905555326827878,0.00010698063202433007,-0.001249321739578467,0.0002948009841456642,0.9936485216826373,-0.0004336888671854175,-0.0005375522052666927,-0.00034256659890480405,1.01928225123386,0.9812006391984751,0.00039908296645921944,-0.0017855678350851552,0.00039908296645921944,0.9873375134388208,-0.000780240009107525,-0.0017855678350851552,-0.000780240009107525,1.0389380565712083,1.039005370501876,0.9811228290783642,0.9873480096282637,0.03097703942028192,0.015331315755345984,-0.9994025083948731,0.9977291415088193,-0.06030385765747265,0.03000008226157552,0.05980788587492175,0.9980623204534061,0.017164535482636325
69,0.0,0.0,58.333333333333336,38.333333333333336,0.009718342312009156,-0.0025302042742514864,-0.17669902830585427,0.17698416515382362,328.2499999999984,-0.009444467317212128,0.00010698063202433007,-0.001249321739578467,0.0002948009841456642,-0.006351478317362768,-0.0004336888671854175,-0.0005375522052666927,-0.00034256659890480405,0.019282251233859952,0.9905555326827878,0.00010698063202433007,-0.001249321739578467,0.0002948009841456642,0.9936485216826373,-0.0004336888671854175,-0.0005375522052666927,-0.00034256659890480405,1.01928225123386,0.9812006391984751,0.00039908296645921944,-0.0017855678350851552,0.00039908296645921944,0.9873375134388208,-0.000780240009107525,-0.0017855678350851552,-0.000780240009107525,1.0389380565712083,1.039005370501876,0.9811228290783642,0.9873480096282637,0.03097703942028192,0.015331315755345984,-0.9994025083948731,0.9977291415088193,-0.06030385765747265,0.03000008226157552,0.05980788587492175,0.9980623204534061,0.017164535482636325
70,0.0,0.0,58.88888888888889,38.88888888888889,0.009024274678910009,-0.002771142533798939,-0.16598666650926536,0.16625489533629112,328.249999999999,-0.009444467317212128,0.00010698063202433007,-0.001249321739578467,0.0002948009841456642,-0.006351478317362768,-0.0004336888671854175,-0.0005375522052666927,-0.00034256659890480405,0.019282251233859952,0.9905555326827878,0.00010698063202433007,-0.001249321739578467,0.0002948009841456642,0.9936485216826373,-0.0004336888671854175,-0.0005375522052666927,-0.00034256659890480405,1.01928225123386,0.9812006391984751,0.00039908296645921944,-0.0017855678350851552,0.00039908296645921944,0.9873375134388208,-0.000780240009107525,-0.0017855678350851552,-0.000780240009107525,1.0389380565712083,1.039005370501876,0.9811228290783642,0.9873480096282637,0.03097703942028192,0.015331315755345984,-0.9994025083948731,0.9977291415088193,-0.06030385765747265,0.03000008226157552,0.05980788587492175,0.9980623204534061,0.017164535482636325
71,0.0,0.0,59.44444444444444,39.44444444444444,0.008330207045810865,-0.0030120807933463924,-0.15527430471267661,0.15552676516965455,328.2499999999995,-0.009444467317212128,0.00010698063202433007,-0.001249321739578467,0.0002948009841456642,-0.006351478317362768,-0.0004336888671854175,-0.0005375522052666927,-0.00034256659890480405,0.019282251233859952,0.9905555326827878,0.00010698063202433007,-0.001249321739578467,0.0002948009841456642,0.9936485216826373,-0.0004336888671854175,-0.0005375522052666927,-0.00034256659890480405,1.01928225123386,0.9812006391984751,0.00039908296645921944,-0.0017855678350851552,0.00039908296645921944,0.9873375134388208,-0.000780240009107525,-0.0017855678350851552,-0.000780240009107525,1.0389380565712083,1.039005370501876,0.9811228290783642,0.9873480096282637,0.03097703942028192,0.015331315755345984,-0.9994025083948731,0.9977291415088193,-0.06030385765747265,0.03000008226157552,0.05980788587492175,0.9980623204534061,0.017164535482636325
72,0.0,0.0,60.0,40.0,0.007636139412711713,-0.0032530190528938458,-0.14456194291608773,0.14480002796188635,328.25,-0.009444467317212128,0.00010698063202433007,-0.001249321739578467,0.0002948009841456642,-0.006351478317362768,-0.0004336888671854175,-0.0005375522052666927,-0.00034256659890480405,0.019282251233859952,0.9905555326827878,0.00010698063202433007,-0.001249321739578467,0.0002948009841456642,0.9936485216826373,-0.0004336888671854175,-0.0005375522052666927,-0.00034256659890480405,1.01928225123386,0.9812006391984751,0.00039908296645921944,-0.0017855678350851552,0.00039908296645921944,0.9873375134388208,-0.000780240009107525,-0.0017855678350851552,-0.000780240009107525,1.0389380565712083,1.039005370501876,0.9811228290783642,0.9873480096282637,0.03097703942028192,0.015331315755345984,-0.9994025083948731,0.9977291415088193,-0.06030385765747265,0.03000008226157552,0.05980788587492175,0.9980623204534061,0.017164535482636325
73,0.0,0.0,60.55555555555556,40.55555555555556,0.006942071779612563,-0.0034939573124413044,-0.13384958111949882,0.13407501804646438,328.25000000000057,-0.009444467317212128,0.00010698063202433007,-0.001249321739578467,0.0002948009841456642,-0.006351478317362768,-0.0004336888671854175,-0.0005375522052666927,-0.00034256659890480405,0.019282251233859952,0.9905555326827878,0.00010698063202433007,-0.001249321739578467,0.0002948009841456642,0.9936485216826373,-0.0004336888671854175,-0.0005375522052666927,-0.00034256659890480405,1.01928225123386,0.9812006391984751,0.00039908296645921944,-0.0017855678350851552,0.00039908296645921944,0.9873375134388208,-0.000780240009107525,-0.0017855678350851552,-0.000780240009107525,1.0389380565712083,1.039005370501876,0.9811228290783642,0.9873480096282637,0.03097703942028192,0.015331315755345984,-0.9994025083948731,0.9977291415088193,-0.06030385765747265,0.03000008226157552,0.05980788587492175,0.9980623204534061,0.017164535482636325
74,0.0,0.0,61.111111111111114,41.111111111111114,0.006248004146513411,-0.003734895571988757,-0.12313721932290995,0.1233521859689845,328.2500000000011,-0.009444467317212128,0.00010698063202433007,-0.001249321739578467,0.0002948009841456642,-0.006351478317362768,-0.0004336888671854175,-0.0005375522052666927,-0.00034256659890480405,0.019282251233859952,0.9905555326827878,0.00010698063202433007,-0.001249321739578467,0.0002948009841456642,0.9936485216826373,-0.0004336888671854175,-0.0005375522052666927,-0.00034256659890480405,1.01928225123386,0.9812006391984751,0.00039908296645921944,-0.0017855678350851552,0.00039908296645921944,0.9873375134388208,-0.000780240009107525,-0.0017855678350851552,-0.000780240009107525,1.0389380565712083,1.039005370501876,0.9811228290783642,0.9873480096282637,0.03097703942028192,0.015331315755345984,-0.9994025083948731,0.9977291415088193,-0.06030385765747265,0.03000008226157552,0.05980788587492175,0.9980623204534061,0.017164535482636325
75,0.0,0.0,61.66666666666667,41.66666666666667,0.006500208949715232,-0.003762131856284282,-0.11423310688006674,0.11447973209248342,328.2500000000013,-0.008524802017518757,-0.00019486517730518379,0.0013277817561162335,0.0005024941215294306,-0.0064196458378364555,0.0001483127703254916,-0.0022949574936775683,0.0002342360941806175,0.01435761689827499,0.9914751979824813,-0.00019486517730518379,0.0013277817561162335,0.0005024941215294306,0.9935803541621635,0.0001483127703254916,-0.0022949574936775683,0.0002342360941806175,1.014357616898275,0.9830285875446404,0.000305526735105439,-0.0010113704083515107,0.000305526735105439,0.9872020130159954,0.00038470108272405643,-0.0010113704083515107,0.00038470108272405643,1.0289231599606175,1.028948857165436,0.9829829359666092,0.9872219673892091,0.021958049446331188,-0.009051793034230236,-0.9997179147676498,0.9969838305552823,-0.07425511338365892,0.022570328923083863,0.07443846905887856,0.9971981965383034,-0.0073939938413378915
76,0.0,0.0,62.22222222222222,42.22222222222222,0.007237865480890912,-0.003679735872770121,-0.10625665304769182,0.10656642749811207,328.2500000000015,-0.008524802017518757,-0.00019486517730518379,0.0013277817561162335,0.0005024941215294306,-0.0064196458378364555,0.0001483127703254916,-0.0022949574936775683,0.0002342360941806175,0.01435761689827499,0.9914751979824813,-0.00019486517730518379,0.0013277817561162335,0.0005024941215294306,0.9935803541621635,0.0001483127703254916,-0.0022949574936775683,0.0002342360941806175,1.014357616898275,0.9830285875446404,0.000305526735105439,-0.0010113704083515107,0.000305526735105439,0.9872020130159954,0.00038470108272405643,-0.0010113704083515107,0.00038470108272405643,1.0289231599606175,1.028948857165436,0.9829829359666092,0.9872219673892091,0.021958049446331188,-0.009051793034230236,-0.9997179147676498,0.9969838305552823,-0.07425511338365892,0.022570328923083863,0.07443846905887856,0.9971981965383034,-0.0073939938413378915
77,0.0,0.0,62.77777777777778,42.77777777777778,0.007975522012066593,-0.003597339889255954,-0.09828019921531682,0.0986688773800845,328.2500000000017,-0.008524802017518757,-0.00019486517730518379,0.0013277817561162335,0.0005024941215294306,-0.0064196458378364555,0.0001483127703254916,-0.0022949574936775683,0.0002342360941806175,0.01435761689827499,0.9914751979824813,-0.00019486517730518379,0.0013277817561162335,0.0005024941215294306,0.9935803541621635,0.0001483127703254916,-0.0022949574936775683,0.0002342360941806175,1.014357616898275,0.9830285875446404,0.000305526735105439,-0.0010113704083515107,0.000305526735105439,0.9872020130159954,0.00038470108272405643,-0.0010113704083515107,0.00038470108272405643,1.0289231599606175,1.028948857165436,0.9829829359666092,0.9872219673892091,0.021958049446331188,-0.009051793034230236,-0.9997179147676498,0.9969838305552823,-0.07425511338365892,0.022570328923083863,0.07443846905887856,0.9971981965383034,-0.0073939938413378915
78,0.0,0.0,63.333333333333336,43.333333333333336,0.008713178543242283,-0.0035149439057417958,-0.09030374538294178,0.09079119308156551,328.2500000000019,-0.008524802017518757,-0.00019486517730518379,0.0013277817561162335,0.0005024941215294306,-0.0064196458378364555,0.0001483127703254916,-0.0022949574936775683,0.0002342360941806175,0.01435761689827499,0.9914751979824813,-0.00019486517730518379,0.0013277817561162335,0.0005024941215294306,0.9935803541621635,0.0001483127703254916,-0.0022949574936775683,0.0002342360941806175,1.014357616898275,0.9830285875446404,0.000305526735105439,-0.0010113704083515107,0.000305526735105439,0.9872020130159954,0.00038470108272405643,-0.0010113704083515107,0.00038470108272405643,1.0289231599606175,1.028948857165436,0.9829829359666092,0.9872219673892091,0.021958049446331188,-0.009051793034230236,-0.9997179147676498,0.9969838305552823,-0.07425511338365892,0.022570328923083863,0.07443846905887856,0.9971981965383034,-0.0073939938413378915
79,0.0,0.0,63.88888888888889,43.88888888888889,0.00945083507441797,-0.003432547922227633,-0.08232729155056674,0.0829390354591507,328.250000000002,-0.008524802017518757,-0.00019486517730518379,0.0013277817561162335,0.0005024941215294306,-0.0064196458378364555,0.0001483127703254916,-0.0022949574936775683,0.0002342360941806175,0.01435761689827499,0.9914751979824813,-0.00019486517730518379,0.0013277817561162335,0.0005024941215294306,0.9935803541621635,0.0001483127703254916,-0.0022949574936775683,0.0002342360941806175,1.014357616898275,0.9830285875446404,0.000305526735105439,-0.0010113704083515107,0.000305526735105439,0.9872020130159954,0.00038470108272405643,-0.0010113704083515107,0.00038470108272405643,1.0289231599606175,1.028948857165436,0.9829829359666092,0.9872219673892091,0.021958049446331188,-0.009051793034230236,-0.9997179147676498,0.9969838305552823,-0.07425511338365892,0.022570328923083863,0.07443846905887856,0.9971981965383034,-0.0073939938413378915
80,0.0,0.0,64.44444444444444,44.44444444444444,0.010188491605593649,-0.0033501519387134746,-0.07435083771819183,0.07512040966745731,328.25000000000216,-0.008524802017518757,-0.00019486517730518379,0.0013277817561162335,0.0005024941215294306,-0.0064196458378364555,0.0001483127703254916,-0.0022949574936775683,0.0002342360941806175,0.01435761689827499,0.9914751979824813,-0.00019486517730518379,0.0013277817561162335,0.0005024941215294306,0.9935803541621635,0.0001483127703254916,-0.0022949574936775683,0.0002342360941806175,1.014357616898275,0.9830285875446404,0.000305526735105439,-0.0010113704083515107,0.000305526735105439,0.9872020130159954,0.00038470108272405643,-0.0010113704083515107,0.00038470108272405643,1.0289231599606175,1.028948857165436,0.9829829359666092,0.9872219673892091,0.021958049446331188,-0.009051793034230236,-0.9997179147676498,0.9969838305552823,-0.07425511338365892,0.022570328923083863,0.07443846905887856,0.9971981965383034,-0.0073939938413378915
81,0.0,0.0,65.0,45.0,0.010176852115545169,-0.003074076544613491,-0.06707138527145014,0.06790868124043581,328.250000000002,-0.004112322296964118,-0.00028009651010391166,-0.0026901149867306867,-0.000638051733902547,-0.00639761508652814,0.0011868660935873765,0.0018095678103285226,0.0001549532001342359,0.010620135959138605,0.9958876777030359,-0.00028009651010391166,-0.0026901149867306867,-0.000638051733902547,0.9936023849134719,0.0011868660935873765,0.0018095678103285226,0.0001549532001342359,1.0106201359591387,0.9917959482464211,-0.0009126339891607858,-0.0008510239823567882,-0.0009126339891607858,0.9872458017702883,0.0013366252971678799,-0.0008510239823567882,0.0013366252971678799,1.0213617045758339,1.02144049529965,0.9919322448429019,0.9870307144499918,0.029898424863379708,-0.03983812595539583,-0.9987587335843683,-0.9828110574666455,0.18094213088595998,-0.036638375943023056,-0.18217713773138083,-0.9826865568383412,0.033743465992800335
82,0.0,0.0,65.55555555555556,45.55555555555556,0.008715717569718,-0.0023617368931189656,-0.06116444966593812,0.06182743272079545,328.25000000000125,-0.003230448023275566,0.0006766143269615042,-0.002232998277336676,0.0007616257044914146,-0.004879159889840566,0.0019123844173905787,0.001990839502285049,0.0003516077543289295,0.010714097560928924,0.9967695519767245,0.0006766143269615042,-0.002232998277336676,0.0007616257044914146,0.9951208401101594,0.0019123844173905787,0.001990839502285049,0.0003516077543289295,1.010714097560929,0.9935540832635176,0.001433038165056068,-0.00021215862039584022,0.001433038165056068,0.99026606785651,0.002256917623532753,-0.00021215862039584022,0.002256917623532753,1.0215516305038697,0.9940786704440854,0.9895790837166176,1.021714027463193,0.9398440273502917,0.3409728862262602,-0.02075319523634382,0.34158182384287483,-0.9373572702520894,0.06843395009589025,-0.003880963044311593,0.07140615354500841,0.9974397722979343
83,0.0,0.0,66.11111111111111,46.111111111111114,0.007475162971197619,-0.0012993011056797513,-0.055212173243199804,0.055731053453584506,328.2500000000003,-0.003230448023275566,0.0006766143269615042,-0.002232998277336676,0.0007616257044914146,-0.004879159889840566,0.0019123844173905787,0.001990839502285049,0.0003516077543289295,0.010714097560928924,0.9967695519767245,0.0006766143269615042,-0.002232998277336676,0.0007616257044914146,0.9951208401101594,0.0019123844173905787,0.001990839502285049,0.0003516077543289295,1.010714097560929,0.9935540832635176,0.001433038165056068,-0.00021215862039584022,0.001433038165056068,0.99026606785651,0.002256917623532753,-0.00021215862039584022,0.002256917623532753,1.0215516305038697,0.9940786704440854,0.9895790837166176,1.021714027463193,0.9398440273502917,0.3409728862262602,-0.02075319523634382,0.34158182384287483,-0.9373572702520894,0.06843395009589025,-0.003880963044311593,0.07140615354500841,0.9974397722979343
84,0.0,0.0,66.66666666666667,46.66666666666667,0.006234608372677242,-0.0002368653182405401,-0.0492598968204615,0.049653437761167714,328.24999999999926,-0.003230448023275566,0.0006766143269615042,-0.002232998277336676,0.0007616257044914146,-0.004879159889840566,0.0019123844173905787,0.001990839502285049,0.0003516077543289295,0.010714097560928924,0.9967695519767245,0.0006766143269615042,-0.002232998277336676,0.0007616257044914146,0.9951208401101594,0.0019123844173905787,0.001990839502285049,0.0003516077543289295,1.010714097560929,0.9935540832635176,0.001433038165056068,-0.00021215862039584022,0.001433038165056068,0.99026606785651,0.002256917623532753,-0.00021215862039584022,0.002256917623532753,1.0215516305038697,0.9940786704440854,0.9895790837166176,1.021714027463193,0.9398440273502917,0.3409728862262602,-0.02075319523634382,0.34158182384287483,-0.9373572702520894,0.06843395009589025,-0.003880963044311593,0.07140615354500841,0.9974397722979343
85,0.0,0.0,67.22222222222223,47.22222222222223,0.004994053774156861,0.0008255704691986748,-0.04330762039772319,0.043602432549252036,328.24999999999824,-0.003230448023275566,0.0006766143269615042,-0.002232998277336676,0.0007616257044914146,-0.004879159889840566,0.0019123844173905787,0.001990839502285049,0.0003516077543289295,0.010714097560928924,0.9967695519767245,0.0006766143269615042,-0.002232998277336676,0.0007616257044914146,0.9951208401101594,0.0019123844173905787,0.001990839502285049,0.0003516077543289295,1.010714097560929,0.9935540832635176,0.001433038165056068,-0.00021215862039584022,0.001433038165056068,0.99026606785651,0.002256917623532753,-0.00021215862039584022,0.002256917623532753,1.0215516305038697,0.9940786704440854,0.9895790837166176,1.021714027463193,0.9398440273502917,0.3409728862262602,-0.02075319523634382,0.34158182384287483,-0.9373572702520894,0.06843395009589025,-0.003880963044311593,0.07140615354500841,0.9974397722979343
86,0.0,0.0,67.77777777777777,47.77777777777777,0.0037534991756365153,0.0018880062566378605,-0.03735534397498503,0.03759089048128626,328.24999999999727,-0.003230448023275566,0.0006766143269615042,-0.002232998277336676,0.0007616257044914146,-0.004879159889840566,0.0019123844173905787,0.001990839502285049,0.0003516077543289295,0.010714097560928924,0.9967695519767245,0.0006766143269615042,-0.002232998277336676,0.0007616257044914146,0.9951208401101594,0.0019123844173905787,0.001990839502285049,0.0003516077543289295,1.010714097560929,0.9935540832635176,0.001433038165056068,-0.00021215862039584022,0.001433038165056068,0.99026606785651,0.002256917623532753,-0.00021215862039584022,0.002256917623532753,1.0215516305038697,0.9940786704440854,0.9895790837166176,1.021714027463193,0.9398440273502917,0.3409728862262602,-0.02075319523634382,0.34158182384287483,-0.9373572702520894,0.06843395009589025,-0.003880963044311593,0.07140615354500841,0.9974397722979343
87,0.0,0.0,68.33333333333334,48.33333333333334,0.0035377461749137515,0.002110098683613571,-0.03355218969108106,0.033804106222750374,328.2499999999975,-0.002788468789740512,-0.00015024355327562943,0.0007000091184490985,0.0003992001236159253,-0.0042011315464056224,-0.0004926989631738541,0.0010639602334230676,0.002085620054764709,0.004563257104400796,0.9972115312102595,-0.00015024355327562943,0.0007000091184490985,0.0003992001236159253,0.9957988684535943,-0.0004926989631738541,0.0010639602334230676,0.002085620054764709,1.0045632571044008,0.9944321293508274,0.00024991744436711206,0.0017666758368998004,0.00024991744436711206,0.991619758797597,0.0016044030334226305,0.0017666758368998004,0.0016044030334226305,1.0091480702892366,1.0095044152962163,0.9942242863239684,0.9914712568174769,0.11741813477289834,0.09035904100135621,0.988963207271013,0.9925658971440479,0.02144119442521709,-0.11980490394074612,0.03203000863381958,-0.995678421424777,0.08716971753987636
88,0.0,0.0,68.88888888888889,48.888888888888886,0.003926640129607687,0.0018363770374058806,-0.031017046855302897,0.03131849260349247,328.24999999999835,-0.002788468789740512,-0.00015024355327562943,0.0007000091184490985,0.0003992001236159253,-0.0042011315464056224,-0.0004926989631738541,0.0010639602334230676,0.002085620054764709,0.004563257104400796,0.9972115312102595,-0.00015024355327562943,0.0007000091184490985,0.0003992001236159253,0.9957988684535943,-0.0004926989631738541,0.0010639602334230676,0.002085620054764709,1.0045632571044008,0.9944321293508274,0.00024991744436711206,0.0017666758368998004,0.00024991744436711206,0.991619758797597,0.0016044030334226305,0.0017666758368998004,0.0016044030334226305,1.0091480702892366,1.0095044152962163,0.9942242863239684,0.9914712568174769,0.11741813477289834,0.09035904100135621,0.988963207271013,0.9925658971440479,0.02144119442521709,-0.11980490394074612,0.03203000863381958,-0.995678421424777,0.08716971753987636
89,0.0,0.0,69.44444444444446,49.44444444444446,0.004315534084301643,0.0015626553911981768,-0.028481904019524606,0.028849342850086238,328.24999999999926,-0.002788468789740512,-0.00015024355327562943,0.0007000091184490985,0.0003992001236159253,-0.0042011315464056224,-0.0004926989631738541,0.0010639602334230676,0.002085620054764709,0.004563257104400796,0.9972115312102595,-0.00015024355327562943,0.0007000091184490985,0.0003992001236159253,0.9957988684535943,-0.0004926989631738541,0.0010639602334230676,0.002085620054764709,1.0045632571044008,0.9944321293508274,0.00024991744436711206,0.0017666758368998004,0.00024991744436711206,0.991619758797597,0.0016044030334226305,0.0017666758368998004,0.0016044030334226305,1.0091480702892366,1.0095044152962163,0.9942242863239684,0.9914712568174769,0.11741813477289834,0.09035904100135621,0.988963207271013,0.9925658971440479,0.02144119442521709,-0.11980490394074612,0.03203000863381958,-0.995678421424777,0.08716971753987636
90,0.0,0.0,70.0,50.0,0.004704428038995576,0.0012889337449904868,-0.025946761183746447,0.02640127666040857,328.25000000000017,-0.002788468789740512,-0.00015024355327562943,0.0007000091184490985,0.0003992001236159253,-0.0042011315464056224,-0.0004926989631738541,0.0010639602334230676,0.002085620054764709,0.004563257104400796,0.9972115312102595,-0.00015024355327562943,0.0007000091184490985,0.0003992001236159253,0.9957988684535943,-0.0004926989631738541,0.0010639602334230676,0.002085620054764709,1.0045632571044008,0.9944321293508274,0.00024991744436711206,0.0017666758368998004,0.00024991744436711206,0.991619758797597,0.0016044030334226305,0.0017666758368998004,0.0016044030334226305,1.0091480702892366,1.0095044152962163,0.9942242863239684,0.9914712568174769,0.11741813477289834,0.09035904100135621,0.988963207271013,0.9925658971440479,0.02144119442521709,-0.11980490394074612,0.03203000863381958,-0.995678421424777,0.08716971753987636
91,0.0,0.0,70.55555555555556,50.55555555555556,0.004943299336059093,0.0009094826557757766,-0.02329327388290872,0.023829393093640402,328.2500000000009,-0.001313401264359661,0.002274877720627873,-0.00024275176564698755,0.0014387635490317483,-0.00249201156703587,-0.0011571158235246602,-9.963785219394788e-05,0.00017257782235936305,0.0053069483192457415,0.9986865987356404,0.002274877720627873,-0.00024275176564698755,0.0014387635490317483,0.9975079884329642,-0.0011571158235246602,-9.963785219394788e-05,0.00017257782235936305,1.0053069483192458,0.9973770024624135,0.003707050831695112,-0.00034426437636613823,0.003707050831695112,0.9950273918393272,-0.0009812908241476777,-0.00034426437636613823,-0.0009812908241476777,1.0106434581844035,0.9922944780023785,1.000022021029252,1.0107313534545133,-0.5875491947917041,0.8085468537641282,0.03221690499954377,0.8078812382772012,0.5838727775163188,0.08012792593768503,-0.045976608610498744,-0.07310653146950606,0.9962638137146081
92,0.0,0.0,71.11111111111111,51.111111111111114,0.004808437244032989,0.00026664053159540773,-0.020344969261105524,0.02090717437001523,328.25000000000136,-0.001313401264359661,0.002274877720627873,-0.00024275176564698755,0.0014387635490317483,-0.00249201156703587,-0.0011571158235246602,-9.963785219394788e-05,0.00017257782235936305,0.0053069483192457415,0.9986865987356404,0.002274877720627873,-0.00024275176564698755,0.0014387635490317483,0.9975079884329642,-0.0011571158235246602,-9.963785219394788e-05,0.00017257782235936305,1.0053069483192458,0.9973770024624135,0.003707050831695112,-0.00034426437636613823,0.003707050831695112,0.9950273918393272,-0.0009812908241476777,-0.00034426437636613823,-0.0009812908241476777,1.0106434581844035,0.9922944780023785,1.000022021029252,1.0107313534545133,-0.5875491947917041,0.8085468537641282,0.03221690499954377,0.8078812382772012,0.5838727775163188,0.08012792593768503,-0.045976608610498744,-0.07310653146950606,0.9962638137146081
93,0.0,0.0,71.66666666666667,51.66666666666667,0.004673575152006884,-0.00037620159258496184,-0.01739666463930232,0.018017429697714134,328.25000000000176,-0.001313401264359661,0.002274877720627873,-0.00024275176564698755,0.0014387635490317483,-0.00249201156703587,-0.0011571158235246602,-9.963785219394788e-05,0.00017257782235936305,0.0053069483192457415,0.9986865987356404,0.002274877720627873,-0.00024275176564698755,0.0014387635490317483,0.9975079884329642,-0.0011571158235246602,-9.963785219394788e-05,0.00017257782235936305,1.0053069483192458,0.9973770024624135,0.003707050831695112,-0.00034426437636613823,0.003707050831695112,0.9950273918393272,-0.0009812908241476777,-0.00034426437636613823,-0.0009812908241476777,1.0106434581844035,0.9922944780023785,1.000022021029252,1.0107313534545133,-0.5875491947917041,0.8085468537641282,0.03221690499954377,0.8078812382772012,0.5838727775163188,0.08012792593768503,-0.045976608610498744,-0.07310653146950606,0.9962638137146081
94,0.0,0.0,72.22222222222223,52.22222222222223,0.00453871305998078,-0.0010190437167653305,-0.01444836001749912,0.015178717782895437,328.2500000000021,-0.001313401264359661,0.002274877720627873,-0.00024275176564698755,0.0014387635490317483,-0.00249201156703587,-0.0011571158235246602,-9.963785219394788e-05,0.00017257782235936305,0.0053069483192457415,0.9986865987356404,0.002274877720627873,-0.00024275176564698755,0.0014387635490317483,0.9975079884329642,-0.0011571158235246602,-9.963785219394788e-05,0.00017257782235936305,1.0053069483192458,0.9973770024624135,0.003707050831695112,-0.00034426437636613823,0.003707050831695112,0.9950273918393272,-0.0009812908241476777,-0.00034426437636613823,-0.0009812908241476777,1.0106434581844035,0.9922944780023785,1.000022021029252,1.0107313534545133,-0.5875491947917041,0.8085468537641282,0.03221690499954377,0.8078812382772012,0.5838727775163188,0.08012792593768503,-0.045976608610498744,-0.07310653146950606,0.9962638137146081
95,0.0,0.0,72.77777777777777,52.77777777777777,0.004403850967954679,-0.001661885840945682,-0.011500055395696002,0.01242606301289221,328.2500000000025,-0.001313401264359661,0.002274877720627873,-0.00024275176564698755,0.0014387635490317483,-0.00249201156703587,-0.0011571158235246602,-9.963785219394788e-05,0.00017257782235936305,0.0053069483192457415,0.9986865987356404,0.002274877720627873,-0.00024275176564698755,0.0014387635490317483,0.9975079884329642,-0.0011571158235246602,-9.963785219394788e-05,0.00017257782235936305,1.0053069483192458,0.9973770024624135,0.003707050831695112,-0.00034426437636613823,0.003707050831695112,0.9950273918393272,-0.0009812908241476777,-0.00034426437636613823,-0.0009812908241476777,1.0106434581844035,0.9922944780023785,1.000022021029252,1.0107313534545133,-0.5875491947917041,0.8085468537641282,0.03221690499954377,0.8078812382772012,0.5838727775163188,0.08012792593768503,-0.045976608610498744,-0.07310653146950606,0.9962638137146081
96,0.0,0.0,73.33333333333334,53.33333333333334,0.0033150042980881382,-0.0012596869147016103,-0.008624122391723032,0.009324781587084593,328.24999999999795,0.0,0.0,-0.001989002578852902,0.0,0.0,0.0007558121488209735,0.0,0.0,0.005174473435033869,1.0,0.0,-0.001989002578852902,0.0,1.0,0.0007558121488209735,0.0,0.0,1.0051744734350339,1.0,0.0,-0.001989002578852902,0.0,1.0,0.0007558121488209735,-0.001989002578852902,0.0007558121488209735,1.0103802494286604,1.010799472075056,0.9995807773536025,1.0,0.18070198285797112,-0.06866595117180276,-0.9811380028012722,0.917153047466418,-0.3485140858902718,0.1933086119631791,0.3552141338885081,0.9347849587396221,-1.2243787080708675e-13
97,0.0,0.0,73.88888888888889,53.888888888888886,0.0022100028653921065,-0.0008397912764677456,-0.005749414927815393,0.006216521058056437,328.249999999999,0.0,0.0,-0.001989002578852902,0.0,0.0,0.0007558121488209735,0.0,0.0,0.005174473435033869,1.0,0.0,-0.001989002578852902,0.0,1.0,0.0007558121488209735,0.0,0.0,1.0051744734350339,1.0,0.0,-0.001989002578852902,0.0,1.0,0.0007558121488209735,-0.001989002578852902,0.0007558121488209735,1.0103802494286604,1.010799472075056,0.9995807773536025,1.0,0.18070198285797112,-0.06866595117180276,-0.9811380028012722,0.917153047466418,-0.3485140858902718,0.1933086119631791,0.3552141338885081,0.9347849587396221,-1.2243787080708675e-13
98,0.0,0.0,74.44444444444446,54.44444444444446,0.0011050014326960179,-0.00041989563823385947,-0.002874707463907605,0.0031082605290281193,328.25000000000006,0.0,0.0,-0.001989002578852902,0.0,0.0,0.0007558121488209735,0.0,0.0,0.005174473435033869,1.0,0.0,-0.001989002578852902,0.0,1.0,0.0007558121488209735,0.0,0.0,1.0051744734350339,1.0,0.0,-0.001989002578852902,0.0,1.0,0.0007558121488209735,-0.001989002578852902,0.0007558121488209735,1.0103802494286604,1.010799472075056,0.9995807773536025,1.0,0.18070198285797112,-0.06866595117180276,-0.9811380028012722,0.917153047466418,-0.3485140858902718,0.1933086119631791,0.3552141338885081,0.9347849587396221,-1.2243787080708675e-13
99,0.0,0.0,75.0,55.0,-1.36740933265117e-17,5.1960947512947776e-18,3.557372595616002e-17,3.846388185519707e-17,328.25000000000114,0.0,0.0,-0.001989002578852902,0.0,0.0,0.0007558121488209735,0.0,0.0,0.005174473435033869,1.0,0.0,-0.001989002578852902,0.0,1.0,0.0007558121488209735,0.0,0.0,1.0051744734350339,1.0,0.0,-0.001989002578852902,0.0,1.0,0.0007558121488209735,-0.001989002578852902,0.0007558121488209735,1.0103802494286604,1.010799472075056,0.9995807773536025,1.0,0.18070198285797112,-0.06866595117180276,-0.9811380028012722,0.917153047466418,-0.3485140858902718,0.1933086119631791,0.3552141338885081,0.9347849587396221,-1.2243787080708675e-13
